"newID","pop","blue_brightness","green_brightness","yellow_brightness","red_brightness","total_brightness","chroma","hue_radians","hue_degrees","modified_hue","rgb"
"129-001","129",0.192715288448092,0.108403917876753,0.177174570673464,0.52170622300169,135.819530382017,0.413594377779169,6.24560167976104,357.846616770125,87.846616770125,"#D860A2FF"
"129-002","129",0.180222806655399,0.0841110734371391,0.165122208802338,0.570543911105123,120.852297059375,0.486667169241205,6.25215173242001,358.221907143072,88.2219071430723,"#CF4B93FF"
"129-003","129",0.159473857511377,0.0938903538585637,0.174009940993469,0.57262584763659,116.749105176588,0.478956126097045,0.030354170515514,1.7391658611594,91.7391658611594,"#CF5289FF"
"129-004","129",0.160760306901517,0.0648433745143331,0.156032036631578,0.618364281952571,108.518640669766,0.553541101916557,6.27464334389289,359.510581554917,89.5105815549169,"#C93683FF"
"129-005","129",0.170645167014652,0.0790013869555903,0.155470115167737,0.594883330862021,115.371329842977,0.516105088375647,6.25377804186092,358.315087810219,88.315087810219,"#CA458CFF"
"129-006","129",0.186202046384419,0.0899880395068595,0.133221620162389,0.590588293946332,108.334069357934,0.503396007440993,6.1777440154924,353.958658999917,83.9586589999165,"#B7498EFF"
"129-007","129",0.151199649841397,0.0770470879276142,0.156163200547404,0.615590061683584,110.944331010245,0.538565846872539,0.00921636788528389,0.528058982266678,90.5280589822667,"#C84383FF"
"129-008","129",0.178325159778979,0.0864384956796345,0.165025510160457,0.57021083438093,119.123866348952,0.483955118138548,6.25570068370213,358.425247073236,88.4252470732355,"#CE4A93FF"
"129-009","129",0.146863435746215,0.0640359949869403,0.15152816781412,0.637572401452725,107.235978470201,0.573555375937626,0.00813310046526639,0.46599233101565,90.4659923310157,"#C6377FFF"
"129-010","129",0.18078149967445,0.0920798335550783,0.169700414824045,0.557438251946427,122.155550031287,0.465490330736482,6.25937787022539,358.635934341501,88.6359343415008,"#D05294FF"
"129-011","129",0.187272476430858,0.0970720138725017,0.168965640281663,0.546689869414978,126.394663435768,0.449990395755741,6.24249135019885,357.668408013317,87.6684080133169,"#D2549BFF"
"129-012","129",0.174245229988137,0.0896102638489377,0.164303350385459,0.571841155777466,120.005330392843,0.482333364075323,6.26257179698782,358.818932865062,88.8189328650616,"#CE4C93FF"
"129-013","129",0.168052383734961,0.0883058618611326,0.165027742291363,0.578614012112544,119.25474266788,0.490317479454713,6.27701652724898,359.646554945231,89.646554945231,"#CE4D8FFF"
"129-014","129",0.165434044534871,0.0785154826606452,0.158746350638609,0.597304122165875,115.88542235995,0.518831743178208,6.27029504132527,359.261442169746,89.2614421697459,"#CC458BFF"
"129-015","129",0.192691798554661,0.104423571035516,0.172499046462124,0.530385583947698,132.737156999417,0.426440363569478,6.2358157158488,357.285922339486,87.2859223394861,"#D55D9EFF"
"129-016","129",0.175624074318833,0.0873493988033261,0.173875771437966,0.563150755439875,123.311469019032,0.475804568641521,6.27951088509499,359.789471122403,89.7894711224033,"#D44E92FF"
"129-017","129",0.231859765097744,0.117006659931062,0.131447514227595,0.519686060743598,117.353894890148,0.415010023931414,6.03880881764283,345.998258537321,75.998258537321,"#B25BA3FF"
"129-018","129",0.176967092256594,0.0787755590281163,0.164252568422366,0.580004780292924,119.968569016973,0.501390457992628,6.25782406083845,358.546907621462,88.5469076214616,"#D14591FF"
"129-019","129",0.183818424556805,0.0879764119070414,0.129808331440905,0.598396832095248,105.192325878061,0.513270002536183,6.17776268990188,353.959728964765,83.9597289647647,"#B5448CFF"
"129-020","129",0.254986570654223,0.178846763669931,0.134932788990545,0.4312338766853,130.594133348368,0.279485536849374,5.83918785630318,334.560819950215,64.5608199502149,"#A67EB8FF"
"129-021","129",0.210139212950552,0.111727580441997,0.0982724077319934,0.579860798875458,89.0101143201517,0.481313715066044,6.04862049903788,346.560426471184,76.5604264711843,"#904C8DFF"
"129-022","129",0.252863541329495,0.155550055596512,0.136828508059726,0.454757895014267,133.230820328343,0.320919709763918,5.91323372281806,338.803335591907,68.8033355919067,"#B274B4FF"
"129-023","129",0.192720487042622,0.132986706626647,0.120839241635642,0.553453564695089,84.9808432841724,0.426566867179351,6.11386634993757,350.298738358476,80.2987383584765,"#8F5884FF"
"129-024","129",0.248477087820429,0.129692012242075,0.123004459715817,0.498826440221679,121.348198144635,0.389876398776981,5.95552712531463,341.226569056208,71.2265690562082,"#AC62AAFF"
"129-025","129",0.245701032709421,0.181494607823348,0.160933296274747,0.411871063192485,152.869289253709,0.245476842754477,5.93060698738665,339.798750328051,69.7987503280511,"#C18BC2FF"
"129-026","129",0.248848923408712,0.182091566993416,0.157957254805099,0.411102254792773,152.552612471638,0.246388292229731,5.90536428223718,338.352449859493,68.3524498594933,"#BE8BC0FF"
"129-027","129",0.251800567650086,0.143682910858087,0.122549459650296,0.481967061841532,122.982762418234,0.362135355531276,5.91822329818651,339.089217202081,69.0892172020812,"#A869AEFF"
"129-028","129",0.241713503570426,0.158532031227797,0.135005867146315,0.464748598055463,126.009238208472,0.324276279537901,5.94787314904183,340.788028519284,70.7880285192835,"#AC72AEFF"
"129-029","129",0.26506846668424,0.163647405915198,0.128411287621478,0.442872839779084,125.142253894522,0.310873008648013,5.8280413161204,333.922170241569,63.9221702415687,"#A275B5FF"
"129-030","129",0.243972113975334,0.191872282190454,0.162808542951256,0.401347060882955,154.267618494867,0.224649077829518,5.91353383232026,338.820530599775,68.8205305997745,"#BF91C2FF"
"129-031","129",0.241824756002832,0.167037245419107,0.141133264372429,0.450004734205632,131.3162973756,0.300348757608397,5.94131625055661,340.412345909385,70.4123459093847,"#AF79B3FF"
"129-032","129",0.274313655455042,0.185789163430415,0.142045239379342,0.397851941735202,145.232072178316,0.249931102173219,5.72550486603917,328.04726440566,58.0472644056603,"#AD88C3FF"
"129-033","129",0.244181036196774,0.173610866455856,0.142538215718183,0.439669881629186,138.318777348522,0.284813381900931,5.91826467140878,339.091587713102,69.0915877131021,"#B27FB9FF"
"129-034","129",0.257195525220078,0.201590784374075,0.161494141740549,0.379719548665298,159.020540399433,0.202209325867563,5.79017620623587,331.752659254386,61.7526592543859,"#BB97C6FF"
"129-035","129",0.242283428709282,0.136442571391174,0.11222263903355,0.509051360865994,104.871861783454,0.394655696785142,5.94735301643612,340.758227116189,70.758227116189,"#975EA1FF"
"129-036","129",0.250163559838404,0.190171929723868,0.148388601368353,0.411275909069374,146.41533752637,0.243403187846829,5.85179601460055,335.283214208087,65.283214208087,"#B38AC1FF"
"129-037","129",0.23949775631682,0.177163051865191,0.136356267771132,0.446982924046856,133.088555203278,0.28886143751555,5.91806448038557,339.080117612376,69.0801176123757,"#AA7EB5FF"
"129-038","129",0.262828483164587,0.191635239358214,0.165833199161576,0.379703078315623,171.472396898078,0.211607176553477,5.80702019207166,332.717748552955,62.717748552955,"#C898CCFF"
"129-039","129",0.256648989232377,0.174566409627159,0.140079477843451,0.428705123297013,136.90229461562,0.279597812529391,5.85313278955484,335.359805771127,65.3598057711267,"#AE7FBAFF"
"129-040","129",0.250606899335138,0.17384385005652,0.140976045723145,0.434573204885197,136.036950202831,0.282840450666223,5.88515139973917,337.194337000563,67.1943370005633,"#AF7EB9FF"
"129-041","129",0.258108646331545,0.161188787022986,0.132418482109783,0.448284084535686,129.924817024385,0.313403457600582,5.87052354903107,336.356222891642,66.3562228916418,"#AB75B4FF"
"129-042","129",0.235527339009811,0.17997948561368,0.150195306732279,0.43429786864423,137.343348889641,0.268252484946342,5.95945698905928,341.451733662838,71.4517336628382,"#B383B6FF"
"129-043","129",0.237278176703198,0.135561503544586,0.112482314265385,0.514678005486831,103.938848648909,0.399128211639471,5.96518146264678,341.779721839336,71.779721839336,"#985D9EFF"
"129-044","129",0.25887131287192,0.151923910395514,0.126022962731466,0.4631818140011,123.515944575582,0.338423058747457,5.87978158283554,336.886669155227,66.8866691552274,"#A66DB0FF"
"129-045","129",0.252497514803116,0.181759399121796,0.151908260911202,0.413834825163886,139.410101355247,0.252937149053178,5.87419318745574,336.566477685714,66.5664776857142,"#B187B9FF"
"129-046","129",0.237384780194278,0.136860482784956,0.123418621227124,0.502336115793642,112.774544721452,0.382832500857524,5.980911215145,342.680970270269,72.6809702702691,"#A363A4FF"
"129-047","129",0.272848488589638,0.173567133520006,0.141409985612885,0.41217439227747,144.486643351029,0.272414214013369,5.77968429097718,331.151516791054,61.151516791054,"#B182C1FF"
"129-048","129",0.257560852417066,0.207117865643395,0.164778728391181,0.370542553548358,165.524319115615,0.187925919328839,5.76682704115414,330.414850640048,60.4148506400485,"#BE9DCBFF"
"129-049","129",0.25693398224119,0.169017827006195,0.139705508370766,0.434342682381849,131.420869056707,0.290068602172142,5.86714631244185,336.162721488662,66.1627214886621,"#AB7BB6FF"
"129-050","129",0.229731516374078,0.140799961223001,0.133878906560328,0.495589615842593,125.119050057354,0.36750975746665,6.01931742394033,344.88148394134,74.8814839413396,"#B26AAAFF"
"129-051","129",0.247575249783228,0.168395388185184,0.144689353321309,0.43934000871028,137.749792061532,0.289821488303164,5.92027394114734,339.206710389025,69.2067103890251,"#B47DB9FF"
"129-052","129",0.184094468001769,0.0975953872049439,0.162278294979637,0.55603184981365,125.060588080139,0.458955265417573,6.23563296664496,357.275451581397,87.2754515813972,"#CF5299FF"
"129-053","129",0.227930506634361,0.134123637837696,0.189758191829579,0.448187663698363,152.171459603045,0.316375311864509,6.16223546673119,353.070084609526,83.0700846095265,"#DF75B5FF"
"129-054","129",0.205060503464915,0.11405722621171,0.17696458217985,0.503917688143525,134.880694828375,0.390871539729545,6.2112430729434,355.878013609525,85.8780136095249,"#D661A7FF"
"129-055","129",0.196784079134806,0.0941216795541956,0.168688407543301,0.540405833767698,128.512366472908,0.447167656549799,6.22031360931928,356.397717061783,86.3977170617828,"#D4519FFF"
"129-056","129",0.197443269375883,0.119157786311448,0.181112644176646,0.502286300136023,139.356743990353,0.383476397480765,6.2405866873082,357.559278868287,87.5592788682874,"#D966A8FF"
"129-057","129",0.143273502095576,0.0653682602584249,0.141075256929163,0.650282980716836,102.746319601435,0.584918851201389,6.27942709296466,359.784670186979,89.7846701869785,"#C0337DFF"
"129-058","129",0.177641882207058,0.0899159457076548,0.164647682412855,0.567794489672432,122.238711952787,0.478055176742379,6.25600057822511,358.442429763701,88.4424297637015,"#D04C96FF"
"129-059","129",0.202502199251602,0.0902141429281168,0.175638142717486,0.531645515102795,133.408560463372,0.44224804564123,6.22240356916059,356.517462940042,86.5174629400418,"#DA52A1FF"
"129-060","129",0.193652594336742,0.0998586315453716,0.166437438458469,0.540051335659417,126.275507447634,0.441033197690054,6.22143835133512,356.462160032332,86.4621600323317,"#D0549DFF"
"129-061","129",0.195888649529294,0.09836505179582,0.161739092517455,0.544007206157431,125.84913361011,0.446948679367288,6.20670477822118,355.617988475755,85.6179884757551,"#CE549CFF"
"129-062","129",0.196822651033143,0.100419053648762,0.171674432653108,0.531083862664987,131.329464326536,0.431398436034104,6.22485759550738,356.658068292526,86.6580682925264,"#D558A0FF"
"129-063","129",0.187752496541085,0.0961688114624807,0.163262757909312,0.552815934087122,123.862203461647,0.457303336855983,6.22960717346271,356.930199063835,86.9301990638351,"#CE5498FF"
"129-064","129",0.194269948259096,0.107438910154226,0.174682820984774,0.523608320601905,131.666864222682,0.416630092224781,6.23615473926244,357.305346950244,87.3053469502439,"#D55CA1FF"
"129-065","129",0.2097526961094,0.122357298931499,0.179133657925297,0.488756347033803,143.617233823165,0.367676199868299,6.1998115667494,355.223036551131,85.223036551131,"#DA69AEFF"
"129-066","129",0.178300769666128,0.0840479529209758,0.158029753549297,0.579621523863599,118.203900273667,0.495987982022984,6.24230394634824,357.657670563613,87.6576705636126,"#CC4693FF"
"129-067","129",0.189337169240195,0.0883620010252446,0.168576864547311,0.553723965187249,124.349823424614,0.465824803912007,6.23860377564851,357.44566639904,87.44566639904,"#D34B99FF"
"129-068","129",0.177965701136007,0.0816580653312608,0.158961463209916,0.581414770322816,116.233750572988,0.500117911340083,6.24517664154448,357.822263874185,87.8222638741845,"#CB4590FF"
"129-069","129",0.180007806557707,0.0812708436925135,0.156369707553661,0.582351642196118,116.238404061944,0.501638043168114,6.23604602814771,357.299118262184,87.2991182621841,"#CA4591FF"
"129-070","129",0.177885316725285,0.084361301491348,0.16371189969396,0.574041482089407,120.838372132252,0.489885256994831,6.25424915340715,358.342080513498,88.3420805134979,"#D04893FF"
"129-071","129",0.159763858805917,0.0690294934394674,0.152894974962987,0.618311672791629,109.636521768905,0.549325126058428,6.27068075836552,359.283542128238,89.2835421282384,"#C83984FF"
"129-072","129",0.220199595171206,0.162103672854546,0.199441037791804,0.418255694182444,169.540438047952,0.256991781453887,6.20232203035235,355.366875520201,85.3668755202011,"#E58CC1FF"
"129-073","129",0.184957439963186,0.0957697767396326,0.171072617074983,0.548200166222198,122.504881010513,0.452643397868545,6.25250552399417,358.242177907099,88.2421779070993,"#D05298FF"
"129-074","129",0.186764016273553,0.0917733125575004,0.157598862432405,0.563863808736542,121.894973298604,0.47299053138636,6.22148498746087,356.46483208551,86.4648320855098,"#CC4E97FF"
"129-075","129",0.210413473512946,0.103539341982836,0.183927749386852,0.502119435117366,141.295342124847,0.399459114585728,6.21683266228719,356.198273488135,86.1982734881352,"#DE5FA8FF"
"129-076","129",0.184166706983558,0.0881453083633134,0.161479337172197,0.566208647480932,118.962000366255,0.478601371662519,6.23576405743409,357.282962530347,87.282962530347,"#CC4B93FF"
"129-077","129",0.195301159416815,0.0914948942232421,0.16875481006938,0.544449136290563,128.043816156853,0.453731477936518,6.22464513776612,356.645895360627,86.6458953606273,"#D4509EFF"
"129-078","129",0.180919862317141,0.0974917047359257,0.15984862927059,0.561739803676343,121.10703221235,0.464726042127934,6.23782856446801,357.401250070166,87.4012500701657,"#CB5198FF"
"129-079","129",0.178236240732455,0.0835510292065821,0.160690966549342,0.577521763511621,117.935214224517,0.49428223010343,6.24768137903751,357.965774761323,87.9657747613235,"#CC4791FF"
"129-080","129",0.180181172782316,0.0766857472400143,0.152537354954947,0.590595725022722,113.586236195803,0.51465293735555,6.22944593093358,356.920960547438,86.9209605474385,"#C7418EFF"
"129-081","129",0.249829843240504,0.143908606371342,0.143363341856173,0.462898208531981,132.334276619986,0.336287796691498,5.96104930199997,341.542966474004,71.5429664740038,"#B770B2FF"
"129-082","129",0.201445128891536,0.104039002123309,0.172863230817436,0.52165263816772,130.638759518684,0.418590580290279,6.21485086329608,356.084724770102,86.0847247701017,"#D35BA1FF"
"129-083","129",0.253231508221509,0.158791908757487,0.153658735646186,0.434317847374818,153.054725086831,0.292966346001205,5.93639829181609,340.130567629733,70.130567629733,"#C67FC1FF"
"129-084","129",0.19038205655477,0.0955833964631327,0.170453067536734,0.543581479445364,126.001009902115,0.448441129869947,6.23873007465633,357.452902799145,87.4529027991447,"#D2559AFF"
"129-085","129",0.181043529908897,0.101806740497809,0.166321466621357,0.550828262971937,116.545046471113,0.449262803704497,6.25041006009073,358.12211666931,88.1221166693101,"#C85593FF"
"129-086","129",0.208160362798599,0.120364050945448,0.177381413757646,0.494094172498307,137.995796257973,0.374995396585052,6.20101466381201,355.291968935163,85.2919689351631,"#D567AAFF"
"129-087","129",0.189208735979663,0.0943005052983948,0.167933358758136,0.548557399963806,128.434069737817,0.454754843874126,6.23638394528283,357.318479487851,87.3184794878514,"#D3539CFF"
"129-088","129",0.188891540080666,0.104744483565886,0.17056680971562,0.535797166637828,129.820037499321,0.43144201386336,6.2406993095016,357.565731644649,87.5657316446487,"#D35A9FFF"
"129-089","129",0.220384368444299,0.110436143635671,0.179307964568113,0.489871523351916,142.481506248341,0.381652300315105,6.1753486107708,353.821412419143,83.8214124191429,"#DB63ACFF"
"129-090","129",0.228075927854212,0.108036223008814,0.128932159497316,0.534955689639658,116.185202286059,0.438280410002968,6.05499941441804,346.925911400339,76.9259114003386,"#B454A1FF"
"129-091","129",0.222079254103539,0.129346290239538,0.182772283567573,0.465802172089351,147.843892744762,0.338744148826294,6.16688597430504,353.336539066101,83.3365390661013,"#DB70B3FF"
"129-092","129",0.195660042704088,0.100690950583992,0.169986147040709,0.533662859671212,130.335217305909,0.433732432470949,6.22395775087237,356.606510992723,86.6065109927228,"#D457A1FF"
"129-093","129",0.195840252747078,0.105539716048838,0.181067861058341,0.517552170145743,134.278636228327,0.412277195448839,6.24734642337655,357.946583215626,87.9465832156263,"#D85FA1FF"
"129-094","129",0.234368204579041,0.149284045195557,0.159309157349406,0.457038592875996,144.443916456458,0.316775507558605,6.04396302315552,346.293572759941,76.2935727599414,"#C877B7FF"
"129-095","129",0.188664653141821,0.0956724014741628,0.167705176485521,0.547957768898495,126.833732898063,0.452770751316678,6.23687717102298,357.346739241109,87.3467392411093,"#D2539BFF"
"129-096","129",0.236983296353416,0.146295007349958,0.149557092959692,0.467164603336935,139.394365193506,0.332566743178999,6.01717602924277,344.758791062898,74.7587910628977,"#C173B5FF"
"129-097","129",0.194830269423417,0.102538540585189,0.178138488781221,0.524492701210173,132.463186965288,0.422284180629279,6.24364764263647,357.734658689875,87.7346586898753,"#D75BA0FF"
"129-098","129",0.201468773672851,0.102064196888479,0.168930087054258,0.527536942384412,129.671192349367,0.426715154742258,6.20685733384695,355.626729269253,85.6267292692526,"#D258A1FF"
"129-099","129",0.208906387705939,0.110097737093347,0.123562028762007,0.557433846438707,106.043522019639,0.455404495287205,6.0946672460312,349.198710734208,79.1987107342082,"#A95397FF"
"129-100","129",0.223994273013741,0.148142735212816,0.168768056405286,0.459094935368156,146.426476591785,0.315818311347411,6.1074145706411,349.929078634439,79.9290786344386,"#CE79B4FF"
"129-101","129",0.21472804387113,0.128795948548703,0.19433378527441,0.462142222305756,151.052092625467,0.333969555515801,6.22208106910695,356.498985048075,86.4989850480752,"#E174B0FF"
"129-102","129",0.213157506524922,0.123574723082579,0.172408859283362,0.490858911109137,140.626610439359,0.369537720708381,6.1726913594159,353.669163131402,83.6691631314019,"#D46AACFF"
"129-103","129",0.200011314232676,0.10459748591508,0.176735922375306,0.518655277476939,133.288167183597,0.414711464296802,6.22703149771647,356.782623714181,86.7826237141814,"#D65EA2FF"
"129-104","129",0.179247516532909,0.103539336452987,0.171086790712611,0.546126356301493,124.387832219065,0.44266225001043,6.26474870420545,358.943660461024,88.9436604610239,"#CF5997FF"
"129-105","129",0.217111504806358,0.115501849413913,0.182872286849968,0.48451435892976,144.370902037747,0.370597566405189,6.19066415004537,354.698928180543,84.6989281805426,"#DC67ADFF"
"129-106","129",0.259773543497111,0.155146439948614,0.149518835932396,0.435561180621878,151.132489938286,0.301311346163789,5.90856820189302,338.536020933672,68.5360209336716,"#C37BC1FF"
"129-107","129",0.237022249641929,0.149751955519284,0.143468693429833,0.469757101408954,136.362554273834,0.333400001913316,5.9987614045484,343.703710786593,73.7037107865932,"#BB72B4FF"
"129-108","129",0.270729809740509,0.154525030638119,0.123827933087609,0.450917226533764,123.584887154781,0.330799781063994,5.82303706288869,333.635447651777,63.6354476517768,"#A26FB4FF"
"129-109","129",0.215951948034397,0.131251046293875,0.138374660227441,0.514422345444288,121.218382343432,0.390945622914618,6.08342441614597,348.554544032001,78.5545440320013,"#B564A4FF"
"129-110","129",0.238269895724415,0.140783747641856,0.154866196055327,0.466080160578403,141.632847273326,0.3358183041287,6.03219888034145,345.619537027106,75.6195370271059,"#C771B5FF"
"129-111","129",0.275334280847399,0.206311301913412,0.165600006611354,0.352754410627835,173.181519653382,0.182995068327143,5.64011287574322,323.15466375748,53.1546637574804,"#C0A1D2FF"
"129-112","129",0.259171440987718,0.176146257203317,0.167239847341755,0.397442454467211,167.208668527578,0.239631852711084,5.88945410281655,337.440863727395,67.4408637273953,"#CE8ECAFF"
"129-113","129",0.231668655079053,0.146221365734045,0.156105048121041,0.466004931065861,137.897781185369,0.328589998863071,6.05114544000172,346.705094931932,76.705094931932,"#C273B2FF"
"129-114","129",0.208357548745261,0.11795267677812,0.177616446778211,0.496073327698408,144.049959797994,0.379368214275433,6.20206400374458,355.352091684574,85.3520916845739,"#DB66ADFF"
"129-115","129",0.250704450942682,0.149936298433635,0.143772303650352,0.455586946973332,134.833644657068,0.323816001885771,5.94664334341877,340.71756584746,70.7175658474604,"#B872B6FF"
"129-116","129",0.211956888854193,0.0992118241408563,0.139758851624105,0.549072435380846,117.728618467444,0.455617302267039,6.12405251239104,350.882362476495,80.882362476495,"#BD509DFF"
"129-117","129",0.198255284626583,0.122210119978827,0.14318494671284,0.53634964868175,118.251637475895,0.417784982200429,6.15098554749153,352.42551171723,82.4255117172304,"#B9609CFF"
"129-118","129",0.218259466366067,0.123514536697877,0.128463987320428,0.529762009615629,119.717008078348,0.416053166445222,6.0656466631959,347.535953818736,77.535953818736,"#B35EA3FF"
"129-119","129",0.257286780643831,0.157402651490983,0.155876287522385,0.429434280342801,150.659457678538,0.290319298722817,5.92635415135939,339.555080772728,69.5550807727278,"#C47EBFFF"
"129-120","129",0.190226756790112,0.109755014120689,0.176853525158066,0.523164703931133,131.653956452738,0.413625936026081,6.25084796686604,358.147206879355,88.1472068793553,"#D5609FFF"
"129-121","129",0.256290911514755,0.179532599260174,0.169741373699553,0.394435115525517,164.398094765018,0.231676312973944,5.90032030262724,338.063451115894,68.0634511158937,"#CA92C8FF"
"129-122","129",0.235060601131443,0.132116244502222,0.146144252414655,0.48667890195168,132.783531388794,0.365541783010844,6.03747498177732,345.921835371664,75.9218353716639,"#C068AEFF"
"129-123","129",0.249894914635597,0.146005864861657,0.118355091759437,0.48574412874331,118.665659076983,0.364314167920507,5.91377936905463,338.834598818369,68.8345988183694,"#A268ADFF"
"129-124","129",0.239878772045269,0.147392818994805,0.14738852866843,0.465339880291496,140.273814528453,0.331126530056274,6.00009951796265,343.78037903774,73.7803790377397,"#C074B7FF"
"129-125","129",0.23833977967015,0.133801582681588,0.129927023994315,0.497931613653948,117.765529070337,0.37992631528911,5.99381156926303,343.420106115457,73.4201061154567,"#AD62A8FF"
"129-126","129",0.267289203694811,0.18515022727133,0.145337449127776,0.402223119906083,145.903855343704,0.248983676490643,5.77132704414161,330.672681819027,60.6726818190269,"#B189C3FF"
"129-127","129",0.202132870948606,0.0938862609465436,0.10978870290747,0.594192165197381,100.547656586239,0.508756762313247,6.1006641101627,349.542305739257,79.5423057392568,"#A54591FF"
"129-128","129",0.241655247908616,0.134446592462422,0.14017123018948,0.483726929439481,131.130641065567,0.363724840574885,6.00041900076975,343.798684054213,73.7986840542135,"#BA6AB0FF"
"129-129","129",0.244511555400306,0.169929271086348,0.161035712103751,0.424523461409596,149.103308149022,0.267929875453301,5.96635252848609,341.846818969461,71.8468189694605,"#C186BDFF"
"129-130","129",0.200410567801109,0.11143838005813,0.139148413267943,0.549002638872818,113.971456776341,0.441832018045425,6.14408228654677,352.029984000219,82.0299840002187,"#B75798FF"
"129-131","129",0.251563051519436,0.178814005517064,0.148334761614407,0.421288181349093,146.60280865075,0.263533310574087,5.88069734700876,336.939138577382,66.9391385773819,"#B885BEFF"
"129-132","129",0.246053808840964,0.131790305476384,0.140624428598789,0.481531457083863,131.770058103563,0.365286500360984,5.99039900459459,343.224580562639,73.2245805626395,"#BB68B1FF"
"129-133","129",0.273933556570537,0.197698974618669,0.154773304166667,0.373594164644127,155.595594625091,0.212457721975564,5.68775420837975,325.884311047932,55.8843110479323,"#B693C9FF"
"129-134","129",0.256177494578486,0.17602134815766,0.148198876282018,0.419602280981835,141.190364305522,0.266441462322796,5.86591983006509,336.092449224827,66.0924492248267,"#B384BDFF"
"129-135","129",0.264365031029173,0.172319133466651,0.144439322364106,0.41887651314007,142.880497204254,0.274176434199296,5.83047611943647,334.061674195524,64.0616741955236,"#B382C0FF"
"129-136","129",0.252383391056732,0.19190698490059,0.164283243017324,0.391426381025355,159.685155941635,0.218104620571313,5.86737068943369,336.175577343314,66.1755773433143,"#C294C7FF"
"129-137","129",0.270148752160347,0.179192121014427,0.142044638227617,0.408614488597608,142.321140725921,0.262764698454648,5.77393357343455,330.822024946689,60.8220249466892,"#AE84C1FF"
"129-138","129",0.17712508210193,0.09372766105966,0.164226633246663,0.564920623591748,118.711443445791,0.471369470715528,6.25581811461682,358.431975369031,88.4319753690314,"#CC4F93FF"
"129-139","129",0.262936718684392,0.160348824296205,0.133594462509652,0.443119994509752,127.229709725489,0.310948474729031,5.85418664296218,335.420187123592,65.4201871235924,"#A874B6FF"
"129-140","129",0.20723941408277,0.114682229169611,0.128292796584659,0.54978556016296,113.908727813597,0.442207504522369,6.10369464286217,349.715942472613,79.7159424726127,"#B2589BFF"
"129-141","129",0.255495523198914,0.160604156606584,0.125416542941764,0.458483777252738,120.582635012469,0.325042781032031,5.87146077641281,336.409922065059,66.4099220650594,"#A070B2FF"
"129-142","129",0.232345718436484,0.129490573904737,0.148122364500304,0.490041343158475,131.127310615106,0.370257249162959,6.05370392522127,346.851685336959,76.851685336959,"#BF68ADFF"
"129-143","129",0.275028145885667,0.202964468159632,0.160185049694277,0.361822336260424,161.423191310812,0.196022343115149,5.6572353636418,324.135710048833,54.1357100488328,"#B899CDFF"
"129-144","129",0.264817147119667,0.225257180080355,0.186988495483309,0.322937177316669,197.032404700743,0.124894679132539,5.61041597924787,321.45315692366,51.4531569236598,"#D1B7DAFF"
"129-145","129",0.263140587103004,0.184439169024931,0.162690355698641,0.389729888173424,161.633254810201,0.228548743942502,5.82812845409006,333.927162879465,63.9271628794655,"#C590CAFF"
"129-146","129",0.264918812365218,0.186172660050182,0.141384690187559,0.407523837397042,142.525758949105,0.25348969023423,5.7741513494354,330.834502592417,60.8345025924172,"#AC87C2FF"
"129-147","129",0.252534589005761,0.195900750873987,0.168224133819782,0.383340526300471,163.35946600076,0.205528397710871,5.86049751753587,335.781773601702,65.7817736017016,"#C498CAFF"
"129-148","129",0.263661682514066,0.195326927322552,0.160541056866305,0.380470333297077,158.687431401014,0.211924383235704,5.77500123205676,330.883197279703,60.8831972797028,"#BA96C7FF"
"129-149","129",0.259589052163788,0.204227527654321,0.172658241329965,0.363525178851927,171.902057256995,0.181473710353043,5.78363935943715,331.378125521496,61.3781255214957,"#C6A1CBFF"
"129-150","129",0.25158512436334,0.171322030179387,0.15178731214997,0.425305533307303,143.081675641997,0.272886832191851,5.90878832320177,338.548632955644,68.5486329556439,"#B982BBFF"
"130-001","130",0.195228371206341,0.0906155421141087,0.17746422687212,0.53669185980743,125.826368658684,0.446429889266792,6.24338323305818,357.719509136977,87.7195091369766,"#D55199FF"
"130-002","130",0.185635051180252,0.0925485227035582,0.166204620009771,0.555611806106418,119.935402773065,0.463470760772789,6.24124926904094,357.597242005156,87.5972420051558,"#CD4E94FF"
"130-003","130",0.21629434516523,0.111333452993984,0.183247954700126,0.48912424714066,140.03868984186,0.379233368870341,6.19593466147566,355.000906241374,85.0009062413737,"#DB64AAFF"
"130-004","130",0.207646285666353,0.12858139569277,0.197612524808363,0.466159793832514,148.721875886871,0.337727480740834,6.2534712978447,358.297512672699,88.2975126726985,"#E173ADFF"
"131-001","131",0.198256005123489,0.116624446512181,0.183588379127178,0.501531169237153,140.613321286153,0.38518609067728,6.24509677431697,357.817687819127,87.8176878191267,"#DB67A8FF"
"131-002","131",0.177798257293569,0.0921414053743098,0.126880606024237,0.603179731307883,105.428575153492,0.513568669005202,6.18387738024807,354.310074914631,84.3100749146308,"#B3488CFF"
"131-003","131",0.1804573403191,0.0810466257383588,0.156128874029702,0.582367159912839,111.103415295666,0.501910502238179,6.23469458438946,357.221686238587,87.2216862385866,"#C6438EFF"
"131-004","131",0.186283302532788,0.0949045864868231,0.125535388319043,0.593276722661346,107.906091410787,0.502060848101579,6.16189099085784,353.050347595839,83.0503475958392,"#B34993FF"
"131-005","131",0.203779789174604,0.118931876681125,0.175839643475396,0.501448690668875,135.380875702539,0.38353587149709,6.21027187240464,355.822367917593,85.8223679175931,"#D464A8FF"
"131-006","131",0.193405902984629,0.0925416508213283,0.172061137011095,0.541991309182947,127.190627178383,0.449956213909577,6.23573006860348,357.281015113803,87.2810151138029,"#D4529CFF"
"131-007","131",0.189645825894179,0.0987685817052329,0.176249340690482,0.535336251710106,130.664987221872,0.436773163449057,6.25250900274819,358.242377225022,88.2423772250225,"#D7589EFF"
"131-008","131",0.179080923082731,0.0793493873653299,0.159041375032482,0.582528314519457,116.987010788336,0.50357781545461,6.24338045422935,357.719349921813,87.7193499218127,"#CC4590FF"
"131-009","131",0.204642590863524,0.113509356639695,0.141938599367202,0.539909453129579,122.772508857281,0.430985884729597,6.1371774226393,351.634364440208,81.6343644402082,"#BF5BA1FF"
"131-010","131",0.208321146112822,0.105023631134689,0.177553714741578,0.50910150801091,135.068033167157,0.40524753597521,6.20718961559219,355.645767610864,85.6457676108642,"#D75DA5FF"
"131-011","131",0.193453426136529,0.0987329889307875,0.170714759756059,0.537098825176625,130.25591875188,0.438955183744622,6.23136031658678,357.030646765727,87.0306467657268,"#D556A0FF"
"131-012","131",0.17866846975558,0.0941150689470569,0.169887063220948,0.557329398076416,123.293791916235,0.463297558607304,6.26423003263308,358.913942768973,88.9139427689732,"#D15198FF"
"131-013","131",0.185740478807625,0.0963522310468514,0.170448053580262,0.547459236565262,127.14494447836,0.45136613596627,6.24929851073164,358.058429582314,88.0584295823137,"#D3559BFF"
"131-014","131",0.205537424430771,0.121415678854533,0.154847347128759,0.518199549585936,125.47997695779,0.400008654918214,6.15612121748587,352.719763932878,82.7197639328784,"#C363A2FF"
"131-015","131",0.183119017821978,0.0817641020999446,0.15389646601418,0.581220414063897,115.967922819408,0.500310468703976,6.22474320951828,356.651514458116,86.6515144581157,"#C74990FF"
"131-016","131",0.2285856090344,0.140969087774245,0.198090570748467,0.432354732442888,162.456834626367,0.292977031999132,6.17890964961734,354.025444915732,84.0254449157321,"#E67DBEFF"
"131-017","131",0.174823678066588,0.0860249681389198,0.169780525172908,0.569370828621584,123.733769693572,0.483372169489345,6.27275184677301,359.402206752986,89.4022067529863,"#D34D94FF"
"131-018","131",0.198974078283694,0.0990071390412328,0.164538605733439,0.537480176941635,128.086549562796,0.439823153932767,6.20481119056199,355.509493894745,85.5094938947454,"#D055A0FF"
"131-019","131",0.192233817878958,0.0913466893995426,0.167976445003096,0.548443047718404,126.848254484489,0.457739555781673,6.23016664014087,356.962254143272,86.9622541432724,"#D3519BFF"
"131-020","131",0.216150218493524,0.108798885467656,0.176088765340867,0.498962130697953,139.00193241736,0.392214581520549,6.18086519010107,354.137489132117,84.1374891321167,"#D860ACFF"
"131-021","131",0.211248217003246,0.1206280393086,0.184312773836977,0.483810969851176,146.538298767009,0.364180393673323,6.20915589208023,355.758426954985,85.7584269549846,"#DE6BAFFF"
"131-022","131",0.176531210098996,0.0973578551926762,0.162077217674858,0.564033717033469,117.662134013767,0.466899644379651,6.25222297452037,358.225989014747,88.2259890147471,"#CA5194FF"
"131-023","131",0.210435492908187,0.128367847968543,0.189171544376665,0.472025114746604,148.619439887204,0.344314496523917,6.22138863967765,356.459311764166,86.4593117641658,"#DF71B1FF"
"131-024","131",0.197896444704585,0.0874952983205014,0.175607720232276,0.539000536742637,128.246385676152,0.452055049259747,6.23385997587479,357.173866693151,87.1738666931508,"#D74F9DFF"
"131-025","131",0.189669981880984,0.0948319203468208,0.164715748388364,0.550782349383831,123.026408968654,0.456632792852461,6.22850970932655,356.867319000667,86.8673190006666,"#CE519AFF"
"131-026","131",0.188122557309614,0.109381820270141,0.172928928345359,0.529566694074885,131.391517562133,0.420459480253938,6.24704166374215,357.929121774809,87.9291217748089,"#D45F9FFF"
"131-027","131",0.207887850463058,0.110139164130918,0.179839678645358,0.502133306760665,139.48769094055,0.392996320336903,6.21175451625454,355.907317152714,85.9073171527135,"#DA62A9FF"
"131-028","131",0.202180474872337,0.110048416544107,0.176925089719032,0.510846018864524,131.939556194406,0.401592520479448,6.22025569396036,356.394398756147,86.3943987561474,"#D460A3FF"
"131-029","131",0.184544707896507,0.0931416335016014,0.169974233355294,0.552339425246598,125.054916188931,0.459428896209019,6.25146566947277,358.182598631716,88.1825986317157,"#D25198FF"
"131-030","131",0.19825639031736,0.102605432167456,0.164119648477593,0.535018529037591,128.214777284746,0.433758462151755,6.20440395296545,355.486160899205,85.4861608992048,"#CF57A0FF"
"131-031","131",0.196277807545794,0.0954313606951585,0.17270069022836,0.535590141530687,128.351645007795,0.440789783011833,6.22967142120959,356.933880188575,86.933880188575,"#D4549FFF"
"131-032","131",0.215321272527998,0.147347958626916,0.188579982177717,0.448750786667369,157.541113833575,0.302586783188527,6.19469425568118,354.929836224466,84.9298362244663,"#DF7EBAFF"
"131-033","131",0.203480361678102,0.111640628405906,0.176246668123297,0.508632341792696,136.27562358285,0.397924734795936,6.2146924584876,356.075648843121,86.0756488431211,"#D761A7FF"
"131-034","131",0.175651398619915,0.0786685084978675,0.1631082918812,0.582571801001017,116.095356364995,0.504059379162985,6.25829855352694,358.574094049922,88.5740940499217,"#CD4390FF"
"131-035","131",0.196750684188205,0.107673421472333,0.175066893333998,0.520509001005464,135.155294418446,0.413404647427028,6.23070949201025,356.993357264288,86.9933572642883,"#D75EA4FF"
"131-036","131",0.161631867173494,0.0792478264457902,0.15503459852549,0.604085707855227,113.571997701823,0.524879343960076,6.27061586156267,359.279823815332,89.2798238153318,"#C9438BFF"
"131-037","131",0.165770179381056,0.086851841323754,0.15830427057443,0.58907370872076,115.463916952145,0.502277357528731,6.26832064397286,359.148317534371,89.1483175343713,"#C94B8CFF"
"131-038","131",0.167370068980044,0.0875198048142729,0.155996475415098,0.589113650790586,116.584385399799,0.501722776991328,6.26051428557986,358.701046145086,88.7010461450856,"#C94B90FF"
"131-039","131",0.185223972021559,0.102602422016008,0.173169076487777,0.539004529474656,128.326436903083,0.436568574110276,6.25556896306361,358.417700036573,88.4177000365735,"#D3599CFF"
"131-040","131",0.20024390515118,0.123802817707477,0.189107797274036,0.486845479867308,145.58735350904,0.363213418594011,6.25252054436102,358.243038510727,88.2430385107266,"#DF6DADFF"
"131-041","131",0.179575849082568,0.0967503954796145,0.130882370972292,0.592791384465526,105.099845270077,0.498425237688259,6.18533458440211,354.393566562546,84.3935665625459,"#B34B8CFF"
"131-042","131",0.184362426117416,0.128128925968561,0.190651194324986,0.496857453589037,137.645759265072,0.368782152071833,0.0170536263906639,0.977100817577961,90.977100817578,"#D8729FFF"
"131-043","131",0.20912109921446,0.109781038198348,0.181435508077214,0.499662354509978,141.306172692229,0.390863061398116,6.21229399811113,355.93822718622,85.9382271862199,"#DC62AAFF"
"131-044","131",0.191380390565583,0.109599200308134,0.175689217951623,0.523331191174661,133.774323245388,0.414029435142456,6.24527754037709,357.828044951451,87.8280449514508,"#D660A1FF"
"131-045","131",0.185374749743012,0.108020480008424,0.179647656979856,0.526957113268708,128.967146092115,0.418975777675727,6.26951561209575,359.216784164465,89.2167841644653,"#D45E9BFF"
"132-001","132",0.197725684590645,0.10833644342334,0.162865733002525,0.531072138983488,130.337163815421,0.424170584229327,6.20090870820221,355.285898125906,85.2858981259059,"#D058A3FF"
"132-002","132",0.17169738598488,0.0767052873861263,0.140062314030127,0.611535012598867,110.50653382367,0.535764512401408,6.22410434392026,356.614910155673,86.6149101556731,"#C3388DFF"
"132-003","132",0.18661596014705,0.100172099760211,0.175063256119961,0.538148683972778,127.605067960171,0.43812892313661,6.25681397542138,358.489033990116,88.4890339901155,"#D4599AFF"
"132-004","132",0.211813152203422,0.108997030298725,0.104422124875061,0.574767692622792,102.751995834323,0.47799073488138,6.05657911942942,347.016421830366,77.0164218303664,"#A04C99FF"
"132-005","132",0.159575849044459,0.0792342929097682,0.154341036996054,0.606848821049718,109.312211656126,0.527640496513985,6.27326397255198,359.431549398701,89.431549398701,"#C54486FF"
"132-006","132",0.192347841145894,0.105707894849073,0.173316678992283,0.52862758501275,130.825819880461,0.423347669724374,6.23821617368116,357.42345844218,87.4234584421801,"#D559A0FF"
"132-007","132",0.220588863080219,0.102098053562185,0.126084066745923,0.551229016611673,116.130462888011,0.458965988391239,6.07579374562231,348.117338816141,78.1173388161407,"#B64DA1FF"
"132-008","132",0.24920590277442,0.142853528800377,0.143279338849297,0.464661229575906,136.546004563985,0.338792906099605,5.96519448702059,341.780468080986,71.780468080986,"#BC6EB7FF"
"132-009","132",0.180596594767309,0.0944631552085933,0.167490292507449,0.557449957516649,120.655080901749,0.46317227277803,6.25488470993173,358.378495219998,88.3784952199984,"#CE5195FF"
"132-010","132",0.225732781020348,0.143678778633514,0.146002046197572,0.484586394148566,135.860471011036,0.350107115596838,6.05343704954754,346.836394487199,76.8363944871992,"#C06EB0FF"
"132-011","132",0.270849451767056,0.191770872381456,0.170193910078234,0.367185765773254,174.930015217958,0.202242238160889,5.76224270864031,330.152187735121,60.1521877351212,"#CC9AD1FF"
"132-012","132",0.252430568740276,0.163599381162175,0.162677170218725,0.421292879878825,153.986932449296,0.272876550526051,5.94803008228601,340.79702013184,70.79702013184,"#CA81C2FF"
"132-013","132",0.240903701127415,0.159184905267132,0.151754326210459,0.448157067394995,142.542556696917,0.302411179576642,5.98394408287311,342.854740790911,72.8547407909111,"#BE7BB8FF"
"132-014","132",0.263402615755385,0.154234107328628,0.128897446258337,0.45346583065765,130.088537629409,0.328072042191781,5.86074584176039,335.796001531717,65.7960015317171,"#AC6FB7FF"
"132-015","132",0.218874629228473,0.14335139607824,0.147280055161277,0.490493919532011,133.206148704038,0.354448465401834,6.07979728666997,348.346724821279,78.3467248212785,"#BF6EADFF"
"132-016","132",0.209390939633803,0.111429658628433,0.166411211175623,0.512768190562141,132.793669217705,0.40363334137933,6.17650094347998,353.887436219974,83.8874362199739,"#CF60A5FF"
"132-017","132",0.243063694428943,0.14147640120984,0.129838834186093,0.485621070175125,132.11158471125,0.362291901861245,5.96533649498678,341.788604538106,71.7886045381057,"#B669B3FF"
"132-018","132",0.252969545800504,0.151339854496587,0.141111791334486,0.454578808368423,140.419092079396,0.323212036254013,5.92979387423044,339.752162375934,69.7521623759338,"#BC73BBFF"
"132-019","132",0.262234562646122,0.193343744507787,0.128079951083327,0.416341741762764,126.903885849033,0.260241362168459,5.74159340534439,328.96906980638,58.9690698063798,"#9981BBFF"
"132-020","132",0.242646218217392,0.166818768256691,0.140300339628409,0.450234673897507,130.231264071592,0.3013291463406,5.93664255355388,340.144562796405,70.144562796405,"#AD79B3FF"
"132-021","132",0.24907716293594,0.177725409603471,0.176896351214354,0.396301076246235,170.313710718157,0.230185559123755,5.96422799961661,341.725092431785,71.7250924317854,"#D492CAFF"
"132-022","132",0.252285313212269,0.211301802577817,0.176106429270109,0.360306454939806,180.315199891275,0.167348763915932,5.8105768975009,332.921532763022,62.9215327630218,"#CBA7D0FF"
"132-023","132",0.246662526591634,0.18387462695984,0.202738149421166,0.366724697027361,194.140286987667,0.188051851981071,6.04743162925175,346.492309250049,76.4923092500487,"#EAA3D3FF"
"132-024","132",0.260388410742399,0.164236126709272,0.144758876699359,0.43061658584897,144.898939065235,0.290394108332946,5.87365185386022,336.535461555383,66.5354615553826,"#B97DBEFF"
"132-025","132",0.235787522302223,0.164151655829243,0.201494055229662,0.398566766638871,176.56553617238,0.236910291164709,6.13792200380087,351.677025798271,81.6770257982713,"#E791C6FF"
"132-026","132",0.261130881531538,0.204767229784744,0.171700471989565,0.362401416694153,170.615380893614,0.18123557882887,5.76713526965186,330.432510832093,60.4325108320934,"#C3A1CDFF"
"132-027","132",0.222953732391597,0.12554199947296,0.143184307973172,0.50831996016227,126.010377457833,0.391001442786997,6.07772978742784,348.228265840558,78.2282658405582,"#BD62A7FF"
"132-028","132",0.252739310762155,0.193245633090695,0.17018660124853,0.383828454898621,167.058838431752,0.207693913768105,5.8744240614237,336.579705789678,66.5797057896777,"#C898CAFF"
"132-029","132",0.247818388732377,0.150244034592881,0.160926937254386,0.441010639420357,150.508638074966,0.303472145052638,5.99279698956467,343.361974980761,73.3619749807609,"#CA7ABEFF"
"132-030","132",0.227865095988488,0.109742025783315,0.138688904127679,0.523703974100518,117.276428944818,0.423458248059204,6.07100656359602,347.843053490273,77.8430534902733,"#B658A1FF"
"132-031","132",0.218345522595467,0.11654341982018,0.148591577040754,0.516519480543599,127.023483887942,0.406012884121026,6.11052643116599,350.107375108948,80.1073751089485,"#C25EA6FF"
"132-032","132",0.195903799090055,0.101555304305397,0.173559053470507,0.528981843134041,130.09021389078,0.428010202859507,6.23095545855537,357.007450109225,87.007450109225,"#D4599FFF"
"132-033","132",0.258466789460019,0.155984998936602,0.130556881899884,0.454991329703495,131.729179371044,0.325216436071,5.87895956434879,336.839570965255,66.8395709652548,"#AD72B7FF"
"132-034","132",0.180263963802297,0.0951182250004438,0.176747239866931,0.547870571330329,125.418579250789,0.452766004084288,6.27541802945796,359.554967768245,89.5549677682451,"#D45596FF"
"132-035","132",0.256063074630441,0.198013291841407,0.174223683999989,0.371699949528163,174.446068557055,0.192001929462077,5.84285029634404,334.770662307276,64.770662307276,"#CD9DCEFF"
"132-036","132",0.220178510069973,0.12775226871988,0.171120956999248,0.480948264210899,143.617450784234,0.356586672134811,6.14517219010743,352.092430874321,82.0924308743207,"#D46CB1FF"
"132-037","132",0.231927729321948,0.122706900349474,0.151554858498,0.493810511830577,132.757866008045,0.379707372615808,6.06990137586774,347.779730897873,77.7797308978732,"#C563AEFF"
"132-038","132",0.204953435992951,0.1045999033484,0.133801959804298,0.556644700854351,113.07557631157,0.457610130477921,6.12706697903173,351.05507869249,81.0550786924895,"#B6529AFF"
"132-039","132",0.223486196742475,0.111434995699592,0.135057516859109,0.530021290698824,120.298549188612,0.427824868126081,6.07499089384739,348.071338797863,78.0713387978627,"#BA57A3FF"
"132-040","132",0.200740269360245,0.0990167046796344,0.125471101606956,0.574771924353165,106.841179891366,0.481672582425949,6.1262759849701,351.009758071138,81.009758071138,"#AF4B95FF"
"132-041","132",0.246422660231548,0.193393000565396,0.192768945168373,0.367415394034682,184.736501987934,0.182105778515838,5.98411763305483,342.864684483858,72.8646844838576,"#DDA2CFFF"
"132-042","132",0.251700558519542,0.14545932324726,0.161204634144515,0.441635484088682,152.120872299789,0.309693123235332,5.9866467457704,343.009591968372,73.0095919683725,"#CD78BDFF"
"132-043","132",0.246255155846065,0.152126370170217,0.124454980353216,0.477163493630501,123.677527404752,0.347108649240299,5.92465402963909,339.457670973496,69.457670973496,"#A86CB1FF"
"132-044","132",0.190861088851172,0.109931496466222,0.169135602529492,0.530071812153114,129.722341219771,0.420701653932326,6.2315212502823,357.039867587262,87.0398675872617,"#D15DA0FF"
"132-045","132",0.200574933835412,0.0958449834101129,0.167651569558526,0.535928513195949,124.607040298933,0.441313336648769,6.20851278278806,355.721579506778,85.7215795067777,"#CF539DFF"
"132-046","132",0.223441340162178,0.119867067901853,0.185720063879291,0.470971528056678,147.678391220808,0.353124958938081,6.17615977836979,353.867888899043,83.8678888990431,"#DE6CB1FF"
"132-047","132",0.243185137685944,0.153260650185739,0.170218236760766,0.433335975367552,156.007310179413,0.289424180756071,6.02832462872307,345.397558760601,75.3975587606008,"#D27FBFFF"
"132-048","132",0.180320677202149,0.0849397129026145,0.161714303119906,0.57302530677533,117.047787419469,0.488440113117841,6.24508262783083,357.816877285176,87.8168772851762,"#CC4993FF"
"132-049","132",0.218219727512544,0.125424123035447,0.187080526619289,0.46927562283272,150.142777264803,0.345258604157963,6.1928716342035,354.825407706146,84.8254077061458,"#DF70B2FF"
"132-050","132",0.192851784952896,0.0985546449451444,0.168841316434503,0.539752253667457,127.56555735061,0.441850464004237,6.22881781634483,356.884972232452,86.8849722324522,"#D2569CFF"
"132-051","132",0.23894716137189,0.145171931042861,0.153881324987062,0.461999582598187,144.264776785689,0.328048711794321,6.02087911029233,344.970961978232,74.9709619782325,"#C774B8FF"
"132-052","132",0.182062840323658,0.0862644938777833,0.161013420781307,0.570659245017251,119.482779791737,0.484851887687917,6.23975753476687,357.511771927097,87.5117719270968,"#CC4C93FF"
"132-053","132",0.219313895247263,0.121947256298282,0.129026279434253,0.529712569020202,113.202964715912,0.417641477619745,6.06528044669458,347.514971158822,77.5149711588223,"#AD5D9EFF"
"132-054","132",0.224039557695399,0.12995164874003,0.146111936095634,0.499896857468937,131.095405094656,0.37806371377014,6.07557410819567,348.104754518571,78.1047545185709,"#C066ACFF"
"132-055","132",0.184105764525512,0.0931668500790853,0.169579329040115,0.553148056355288,126.621167151258,0.46021052514607,6.25161530177764,358.191171931263,88.1911719312634,"#D45199FF"
"132-056","132",0.237875099487211,0.148954544983375,0.187459437855267,0.425710917674147,165.281965956512,0.281310911204561,6.10299492932074,349.675851839821,79.6758518398207,"#E182C1FF"
"132-057","132",0.189050037787675,0.106269413039234,0.122051198653542,0.582629350519548,104.611798020326,0.481048474149508,6.14345435933952,351.994006421402,81.9940064214017,"#AB5091FF"
"132-058","132",0.222955816470758,0.163920415093797,0.151400190121136,0.46172357831431,139.629240416905,0.306279172792455,6.04737723644654,346.489192771874,76.4891927718738,"#BE7CB4FF"
"132-059","132",0.213246782875109,0.148479103974357,0.199694874987679,0.438579238162855,159.982448931905,0.290416497574732,6.23650465700617,357.325395760136,87.3253957601364,"#E480BAFF"
"132-060","132",0.159004195112863,0.0868812173918855,0.111804055282982,0.642310532212269,92.9159386423009,0.55743123070187,6.19840942420316,355.142699700956,85.1426997009557,"#A4417EFF"
"132-061","132",0.206838998690152,0.102861028756937,0.138538516584182,0.551761455968728,118.460071687163,0.454066679472119,6.13219272194767,351.348762128442,81.348762128442,"#BE519DFF"
"132-062","132",0.217912596067103,0.123843142476811,0.153366521316042,0.504877740140044,130.187984142175,0.386462883576355,6.11538138082147,350.385543233956,80.385543233956,"#C564A9FF"
"132-063","132",0.208549584518117,0.121544604262136,0.153772503819883,0.516133307399864,129.401409291271,0.398372656207394,6.14524618077221,352.096670227136,82.0966702271359,"#C661A6FF"
"132-064","132",0.195992941902251,0.102401110535331,0.160363969059661,0.541241978502757,120.508324565859,0.440284829518599,6.20217417233112,355.358403879617,85.3584038796175,"#C8559AFF"
"132-065","132",0.174949636974377,0.0850982654080561,0.159367680325337,0.58058441729223,116.680953307205,0.495731100579739,6.25174785334662,358.198766576734,88.1987665767339,"#CA4B8FFF"
"132-066","132",0.213838736112873,0.11212151749026,0.131712724721415,0.542327021675452,119.252023112772,0.437974265885913,6.09455535416174,349.192299802327,79.1922998023267,"#B857A2FF"
"132-067","132",0.214605965064892,0.153208172747096,0.157698855167731,0.474487007020281,139.770513265654,0.326279800951245,6.10787673188356,349.955558523086,79.9555585230863,"#C578B1FF"
"132-068","132",0.233307537457312,0.145143456816967,0.161488066899512,0.460060938826209,146.239955417864,0.323003183925862,6.05896207083993,347.152954888973,77.1529548889731,"#CB75B7FF"
"132-069","132",0.200679331396251,0.089806697292805,0.120116761816398,0.589397209494545,107.362765269496,0.506044471859248,6.12330446219637,350.839502357476,80.8395023574764,"#B14594FF"
"132-070","132",0.201079767932738,0.104123291026125,0.170240865324929,0.524556075716208,133.341288526253,0.421562290007433,6.20996605715623,355.804845994549,85.8048459945487,"#D45DA3FF"
"132-071","132",0.19606055568878,0.115169637337089,0.176605333890121,0.512164473084011,135.714228536078,0.397471263445498,6.23421824809556,357.194394179318,87.1943941793178,"#D664A5FF"
"132-072","132",0.220118830801805,0.154562127730987,0.16788583426396,0.457433207203248,150.358917718363,0.307342116716884,6.11240570347607,350.215049480872,80.215049480872,"#CF7EB8FF"
"132-073","132",0.213484071106979,0.113507155499184,0.128827748192465,0.544181025201371,114.663410426866,0.438915339278161,6.0890927604904,348.879316239764,78.8793162397637,"#B2579EFF"
"132-074","132",0.221795749494285,0.153438814970122,0.205936812743592,0.418828622792001,168.2583535176,0.265863227939849,6.22349914121555,356.580234594943,86.5802345949434,"#E989BFFF"
"132-075","132",0.257404652960455,0.161301655071359,0.136380171718915,0.44491352024927,134.027427012058,0.30835469046129,5.87985385633305,336.890810121606,66.8908101216055,"#B076B7FF"
"132-076","132",0.195202404603033,0.114654387045499,0.186985253968543,0.503157954382925,138.922863758507,0.388590457163394,6.26203768763191,358.78833065317,88.78833065317,"#DC66A5FF"
"132-077","132",0.208310511616847,0.121318816588945,0.157662011725153,0.512708660069055,132.902729716524,0.394653367045897,6.15449370719242,352.626514461949,82.6265144619493,"#CA63A8FF"
"132-078","132",0.228532460919674,0.164517981553545,0.205425420509392,0.401524137017389,177.615820961265,0.238129907916402,6.18599693927908,354.431516701537,84.4315167015365,"#EA92C5FF"
"132-079","132",0.225364190231802,0.140386539322732,0.153623165860639,0.480626104584828,133.6095158459,0.347720773534691,6.07537489916132,348.093340681662,78.0933406816616,"#C26EAFFF"
"132-080","132",0.262530595184582,0.209780613474561,0.182525956244134,0.345162835096722,188.732841146395,0.157254851064581,5.74944397466113,329.418874295004,59.4188742950037,"#D2AAD6FF"
"132-081","132",0.218044318302932,0.123103505341064,0.140562238208406,0.518289938147599,123.954611292948,0.402710552891439,6.08957660874155,348.907038702479,78.9070387024792,"#BB60A5FF"
"132-082","132",0.158347305408427,0.0831766579598846,0.151296293509148,0.60717974312254,112.32880065693,0.524050522401023,6.26973006887919,359.229071633045,89.2290716330448,"#C64689FF"
"132-083","132",0.18760709937131,0.0975245160675187,0.166758508284288,0.548109876276883,125.086565680882,0.451067434631804,6.23694827051313,357.350812941821,87.3508129418205,"#D0549AFF"
"132-084","132",0.255508471423182,0.18498779861713,0.171136337620498,0.38836739233919,164.396014201306,0.220186094258853,5.88994265554142,337.4688557366,67.4688557365997,"#CA94C5FF"
"132-085","132",0.141932202706352,0.0726791565157276,0.140887497931749,0.644501142846172,104.191514071582,0.571822940654676,6.28135833368569,359.895322129517,89.8953221295175,"#BF3C7EFF"
"132-086","132",0.226980031917043,0.131130178834245,0.160751279125981,0.481138510122731,136.510907372115,0.356219145565775,6.09617580489263,349.285144790115,79.2851447901153,"#C86DAEFF"
"132-087","132",0.211356858356411,0.107995983149508,0.124488451000069,0.556158707494012,109.030408420638,0.45650405002422,6.09172720999889,349.03025907794,79.0302590779404,"#AE5298FF"
"132-088","132",0.201325230941014,0.106968866752079,0.174197816819275,0.517508085487633,132.56697365154,0.411434498695639,6.21720370443449,356.219532637197,86.2195326371969,"#D55DA1FF"
"132-089","132",0.199923857435635,0.108625494070821,0.173376076706158,0.518074571787386,135.620590763497,0.410308825038661,6.21843812869828,356.290259937641,86.290259937641,"#D65EA5FF"
"132-090","132",0.163334638182896,0.0789262855412215,0.1484006692329,0.609338407042983,111.267382066215,0.530622315837356,6.25503733688584,358.387240100309,88.3872401003088,"#C54389FF"
"132-091","132",0.25283355598157,0.156414144442705,0.131450288375667,0.459302011200058,126.18424633571,0.326305006831808,5.9020298289148,338.161399757137,68.1613997571371,"#A971B2FF"
"132-092","132",0.179973965793765,0.0824859823170115,0.124273625377716,0.613266426511507,97.731777065506,0.53369505137463,6.1786275472688,354.00928164177,84.00928164177,"#AC3F86FF"
"132-093","132",0.196548353275062,0.134136438171563,0.154009812528787,0.515305396024588,115.907045458428,0.383535268103969,6.17204496474143,353.632127444655,83.6321274446551,"#B56A98FF"
"132-094","132",0.214152969058053,0.13147363821031,0.160390141835706,0.493983250895932,135.758136473864,0.366474638795674,6.13595120714386,351.564107467546,81.564107467546,"#C96BABFF"
"132-095","132",0.184351245591207,0.0884362549856507,0.155627768574481,0.571584730848661,117.979164061579,0.484001537043717,6.223804578125,356.597734840762,86.5977348407625,"#C84B95FF"
"132-096","132",0.23682843627026,0.162413977662453,0.155805598106586,0.444951987960701,144.721345101259,0.293925887882286,6.00391180274531,343.998806866088,73.998806866088,"#C17EBAFF"
"132-097","132",0.213745809986515,0.119331232492811,0.142776470351134,0.52414648716954,122.075842388119,0.410989096676866,6.10963604659747,350.056359831029,80.0563598310286,"#BB5FA1FF"
"132-098","132",0.240297203709404,0.157202327448312,0.136835039629991,0.465665429212293,126.938776197751,0.325351970250453,5.95956530098075,341.457939478809,71.4579394788093,"#AD73B0FF"
"132-099","132",0.21655705906689,0.112316753660118,0.125769505265932,0.54535668200706,111.237238724575,0.44245447163283,6.07652673245376,348.159335868021,78.1593358680212,"#AF549DFF"
"132-100","132",0.172738050948919,0.0939370629100046,0.164548536308187,0.568776349832889,120.083659347082,0.474909903619081,6.2659400981082,359.011922303389,89.0119223033886,"#CD5291FF"
"132-101","132",0.266596137766583,0.200470728144939,0.167418810126374,0.365514323962104,168.670520887233,0.192550073586361,5.74209259322747,328.997671165264,58.9976711652644,"#C29CCEFF"
"132-102","132",0.247376357221265,0.155644622484324,0.159293215710639,0.437685804583772,150.01828583172,0.29547566434215,5.98047722724111,342.656104595017,72.6561045950165,"#C77DBDFF"
"132-103","132",0.255031549660666,0.18157584518399,0.158449379169176,0.404943225986168,151.514921973893,0.243353862643009,5.87507063643405,336.616751808909,66.6167518089095,"#BD8AC2FF"
"132-104","132",0.273974027815225,0.204018617417687,0.157657199001458,0.36435015576563,161.932328342171,0.198080304054464,5.655564586817,324.039981588263,54.0399815882633,"#B899CDFF"
"132-105","132",0.2488647428482,0.12626204052499,0.128357662404705,0.496515554222104,120.059670489903,0.38937080121919,5.96852673328614,341.9713917283,71.9713917283,"#AE60ACFF"
"132-106","132",0.242735699441183,0.153682845998741,0.134824547655848,0.468756906904228,121.243354233301,0.333041259508656,5.95321243275752,341.093946941815,71.0939469418151,"#A870ADFF"
"132-107","132",0.237218121260782,0.124774895709803,0.144885545817633,0.493121437211781,130.21425455152,0.379742648545609,6.03757833188201,345.927756896475,75.9277568964751,"#BF64ADFF"
"132-108","132",0.220648403178104,0.133578585150882,0.148268669439169,0.497504342231845,126.087120973562,0.371053611386645,6.0868611418769,348.751453911728,78.7514539117276,"#BC67A6FF"
"132-109","132",0.224277234015638,0.130126411328106,0.153009567004798,0.492586787651458,128.929210388337,0.369400331301467,6.08903996960897,348.876291545061,78.8762915450612,"#C069A8FF"
"132-110","132",0.232726597270638,0.151700334839459,0.117642865790454,0.49793020209945,111.532022452007,0.364855294924268,5.9622829892229,341.613651545117,71.6136515451166,"#9D67A6FF"
"132-111","132",0.222867832401442,0.110362511034452,0.123068427094084,0.543701229470022,109.391265685372,0.444682320533529,6.05682872676526,347.030723277246,77.0307232772457,"#AB519DFF"
"132-112","132",0.229365508556617,0.146535277244722,0.153216792803191,0.470882421395469,141.95606038541,0.333166169995757,6.05258624613245,346.78764704232,76.7876470423196,"#C575B4FF"
"132-113","132",0.243852692536299,0.114308014356938,0.131793857081751,0.510045436025012,117.792645415873,0.411297081817905,6.00724447331605,344.189754824299,74.189754824299,"#B15AA6FF"
"132-114","132",0.183568844881615,0.0922913384297942,0.148036997924661,0.57610281876393,118.333879240906,0.48511448200531,6.20987540826917,355.799652195902,85.7996521959024,"#C64C95FF"
"132-115","132",0.244200080386219,0.163021525072437,0.142723474088851,0.450054920452493,135.238284513809,0.304443215869618,5.94336395574597,340.529670774422,70.5296707744221,"#B37AB7FF"
"132-116","132",0.232435190306137,0.125703951116258,0.149322264794876,0.492538593782728,134.314331117358,0.376132175501216,6.0603790925965,347.234144255103,77.2341442551029,"#C466AFFF"
"132-117","132",0.213761144409864,0.133501713310464,0.159570728740354,0.493166413539318,134.760335082242,0.363724205602467,6.13364088700274,351.431735874136,81.4317358741357,"#C86BAAFF"
"132-118","132",0.241677708842127,0.193062413003147,0.153681064544621,0.411578813610105,142.864063670259,0.235569154903273,5.900353159596,338.065333681531,68.0653336815308,"#B28CBBFF"
"132-119","132",0.182784504538052,0.101941865385833,0.172720123889114,0.542553506187001,128.243993295856,0.440726570298801,6.26034743840245,358.691486505997,88.6914865059966,"#D4599BFF"
"132-120","132",0.227628996892112,0.151558854691776,0.146420156279192,0.474391992136921,131.779178455494,0.332890538204934,6.03674787304567,345.880175110094,75.8801751100935,"#B873B0FF"
"132-121","132",0.216372092449779,0.109592290771495,0.154538510479271,0.519497106299455,128.405842857944,0.414542337587266,6.13346550203014,351.421687055416,81.4216870554155,"#C75DA4FF"
"132-122","132",0.220769689639523,0.140502991796592,0.135146110930433,0.503581207633452,127.032153608716,0.373037783671077,6.05158994876932,346.730563408272,76.7305634082721,"#B767ADFF"
"132-123","132",0.200320444036227,0.133387980734691,0.19077264216819,0.475518933060892,144.796420111682,0.342264151000575,6.2552856846127,358.401469376909,88.4014693769093,"#DB73AAFF"
"132-124","132",0.175532755671697,0.0978390014285424,0.158930285329079,0.567697957570682,119.156406500395,0.470152188858521,6.24786499338143,357.976295088288,87.9762950882878,"#C95294FF"
"132-125","132",0.198219488887838,0.129023094102272,0.187368710337931,0.485388706671959,144.291516950012,0.356530768962942,6.25274626718523,358.255971475893,88.2559714758933,"#DB71A9FF"
"132-126","132",0.227874874046949,0.120013430141898,0.15294991493044,0.499161780880714,133.161339037942,0.386480557553126,6.08808518733583,348.821586550456,78.8215865504563,"#C762ACFF"
"132-127","132",0.212036548202181,0.117343601009532,0.126394736705734,0.544225114082553,107.739444295768,0.435387581448879,6.08519176772402,348.655805818339,78.655805818339,"#AA5898FF"
"132-128","132",0.181768699891534,0.0906626588803905,0.168048985475157,0.559519655752918,120.868225143969,0.469057687369041,6.25393161020081,358.323886627961,88.3238866279613,"#CF4F94FF"
"132-129","132",0.179147229958123,0.0944922228180725,0.162488429731449,0.563872117492356,121.480031120966,0.469675421061645,6.24770911587174,357.967363964862,87.9673639648617,"#CC5195FF"
"132-130","132",0.212384205878915,0.11338616752421,0.183748432519756,0.490481194077119,142.873614222974,0.378180732675286,6.20739295303884,355.657417988374,85.6574179883741,"#DC66ABFF"
"132-131","132",0.194699859255358,0.114692377303374,0.176534230235797,0.514073533205471,132.82098494858,0.399794069199847,6.23773219290029,357.39572838607,87.3957283860703,"#D462A4FF"
"132-132","132",0.245763729913447,0.13221035062426,0.133531428709873,0.488494490752419,124.339341402353,0.373543140668266,5.97801734059053,342.515163471858,72.515163471858,"#B364ADFF"
"132-133","132",0.247127496311109,0.144506634880661,0.157818656881301,0.450547211926929,142.118167204554,0.318805432198249,5.99924965621804,343.731685546604,73.7316855466035,"#C575B7FF"
"132-134","132",0.190611836151801,0.105981785006367,0.126275869890365,0.577130508951468,109.028908781535,0.475521015970787,6.14747336944491,352.224278738261,82.224278738261,"#B15194FF"
"132-135","132",0.188735364454727,0.10096024299025,0.145863007272608,0.564441385282415,112.556013737766,0.465459781582471,6.1909470267363,354.715135821056,84.7151358210557,"#BC5293FF"
"132-136","132",0.167854564440248,0.1043933035146,0.170234399252277,0.557517732792875,123.572844049207,0.453130678747859,0.00525200756515986,0.300917867454439,90.3009178674544,"#D05993FF"
"132-137","132",0.197413029507072,0.115595777197095,0.146492900591241,0.540498292704591,115.895068391708,0.427942761608843,6.16391455030096,353.166289011524,83.166289011524,"#BA5C98FF"
"132-138","132",0.170168363503994,0.101959859301411,0.141982710670873,0.585889066523721,106.643728943607,0.484749325557492,6.22500769389252,356.666668296507,86.6666682965068,"#B75189FF"
"132-139","132",0.186232300669192,0.0987110570725979,0.169030784067375,0.546025858190834,125.447626421491,0.447645421592637,6.24474918809263,357.797772595455,87.797772595455,"#D1559AFF"
"132-140","132",0.202626501866212,0.114876173949123,0.147558080286207,0.534939243898457,114.92574826759,0.423657307018977,6.15283305910717,352.531366335408,82.5313663354084,"#B85C99FF"
"132-141","132",0.232320098064578,0.149508644960364,0.165167596022417,0.453003660952642,142.378169493948,0.310835460111416,6.06542973602719,347.523524807507,77.5235248075072,"#C77AB1FF"
"132-142","132",0.19759068012359,0.103994065913724,0.174877970947211,0.523537283015474,132.586749011742,0.420157563509473,6.22910134521109,356.901217239859,86.901217239859,"#D65AA2FF"
"132-143","132",0.204866516580024,0.117574204081805,0.171127004771253,0.506432274566918,138.895182407512,0.390319040835185,6.19663644011374,355.041115195488,85.0411151954881,"#D663AAFF"
"132-144","132",0.204364201153622,0.122569135330139,0.175576018159648,0.497490645356591,137.697606396647,0.376025129692963,6.20655111998355,355.609184507252,85.6091845072517,"#D567AAFF"
"132-145","132",0.203877708272411,0.119181098476485,0.18006744437683,0.496873748874274,141.783913084852,0.37844242208199,6.22022724722616,356.392768878337,86.3927688783372,"#D968AAFF"
"132-146","132",0.243532490149013,0.135007516024807,0.127270003928891,0.49418998989729,118.732290672382,0.377530151430639,5.9701419618968,342.06393751064,72.0639375106396,"#AB62ABFF"
"132-147","132",0.239019038883065,0.136617616755799,0.132006056740601,0.492357287620535,120.662890674013,0.371486866220024,5.99097800178887,343.257754658222,73.2577546582218,"#AD66AAFF"
"133-001","133",0.180398625328234,0.0944891618269916,0.165424945223515,0.55968726762126,124.159081392479,0.465439027940775,6.25100866681078,358.156414307957,88.1564143079574,"#D15098FF"
"133-002","133",0.180948006262607,0.107422314710662,0.134801699187051,0.57682797983968,106.649618211177,0.47166848539194,6.18519223419633,354.385410496542,84.3854104965417,"#B3518FFF"
"133-003","133",0.2143752850928,0.128222920526689,0.16403859052937,0.493363203851141,136.259115803922,0.368593555730202,6.14619299388005,352.150918622203,82.1509186222028,"#CC6AAAFF"
"133-004","133",0.198581186654703,0.102179985995942,0.12956567757816,0.569673149771194,111.614094069157,0.472560047686735,6.13661507069928,351.602144047444,81.6021440474441,"#B54F96FF"
"133-005","133",0.216417324374113,0.156287801188789,0.20604565967694,0.421249214760158,169.535311853412,0.2651643303884,6.24406122465899,357.758355194248,87.7583551942483,"#EA8ABEFF"
"133-006","133",0.229896736597181,0.148100382900114,0.15719875250128,0.464804128001425,139.981829112213,0.324940393076644,6.05754843325495,347.071959421593,77.0719594215927,"#C574B4FF"
"133-007","133",0.177760643516388,0.0994269440763427,0.175469123410175,0.547343288997095,122.811777811316,0.447922206539889,6.27806939627228,359.706879896646,89.7068798966463,"#D15695FF"
"133-008","133",0.221800278284129,0.137848236878197,0.163686477814407,0.476665007023268,135.225397714113,0.343764479748232,6.11331836509885,350.26734113998,80.2673411399804,"#C770ACFF"
"133-009","133",0.20277027393112,0.105049582604758,0.185332527581552,0.506847615882571,135.80040597524,0.402176248109794,6.23981324142327,357.514963683399,87.5149636833993,"#DB5EA4FF"
"133-010","133",0.218596520924081,0.131076379603563,0.19180874859846,0.458518350873897,150.064224607293,0.32853588737849,6.20155786709753,355.323092190841,85.3230921908414,"#DF74B2FF"
"133-011","133",0.223927157039432,0.139391830449486,0.158554332982567,0.478126679528515,138.70736674154,0.344985367958936,6.09253803099151,349.076715698758,79.0767156987584,"#C870AFFF"
"133-012","133",0.22826474846777,0.155812526613809,0.175109339639985,0.440813385278436,151.740097126787,0.289915482386202,6.09879424934242,349.435170605978,79.4351706059779,"#D180B8FF"
"133-014","133",0.203397968497562,0.144170704602586,0.204885984115733,0.44754534278412,156.273498276858,0.303378287427193,0.00490483876455493,0.281026560401159,90.2810265604012,"#E57FB2FF"
"133-015","133",0.223790304813642,0.147079410965367,0.165412389941914,0.463717894279077,147.408370000305,0.321975014651723,6.10086496745381,349.553814014321,79.5538140143215,"#CE78B6FF"
"133-016","133",0.240693435959004,0.163193333147149,0.182026882195126,0.41408634869872,164.942447837847,0.257660764927629,6.05348149681558,346.838941128069,76.8389411280692,"#D88AC2FF"
"133-017","133",0.228012278455584,0.136727901074466,0.166460041145075,0.468799779324875,143.079040016037,0.337728308322952,6.09990724105208,349.498940333574,79.4989403335742,"#CF70B3FF"
"133-018","133",0.236482710216598,0.138650034007332,0.153681062713008,0.471186193063062,139.286591258104,0.342689961785936,6.03914763428303,346.017671300833,76.0176713008335,"#C56FB2FF"
"133-019","133",0.229804374849787,0.139686648175593,0.154639949449332,0.475869027525288,141.13658058708,0.344482630956922,6.06322067297779,347.396954818098,77.3969548180982,"#C771B3FF"
"133-020","133",0.24354977636176,0.141705718061084,0.158672878293633,0.456071627283523,142.797149892329,0.325622500308129,6.01947909833076,344.890747201567,74.8907472015669,"#C774B6FF"
"133-021","133",0.242846005146543,0.157042579792067,0.16614572750372,0.433965687557671,155.076530984208,0.28734881277821,6.01298556057716,344.518694894177,74.5186948941769,"#CE80BEFF"
"133-022","133",0.219759875490966,0.137376954596899,0.194209100854153,0.448654069057981,153.588024607443,0.312324004956005,6.20128522661827,355.307471042055,85.3074710420553,"#E079B5FF"
"133-023","133",0.227565374930162,0.13602844896279,0.15995082712458,0.476455348982467,140.615795403963,0.347076650513918,6.08711996960388,348.766283648104,78.766283648104,"#CA6FB2FF"
"133-024","133",0.219267943922851,0.136104078092419,0.161253145804012,0.483374832180718,138.392140822088,0.352083361500974,6.11765466321424,350.515792720703,80.5157927207031,"#CA6EAFFF"
"133-025","133",0.206006008406011,0.118634082224698,0.179642197151319,0.495717712217972,139.462350194273,0.378004119756356,6.21338386712924,356.00067208118,86.0006720811799,"#D867AAFF"
"133-026","133",0.231631374503687,0.152952107024944,0.163927620808643,0.451488897662726,149.869107337517,0.306117646712349,6.06017224782169,347.222292922492,77.2222929224922,"#CD7BBAFF"
"133-027","133",0.208489114011397,0.124836639367184,0.192059679664323,0.474614566957095,143.672645448113,0.35016356883899,6.23624876149407,357.310734027297,87.3107340272968,"#DD6DADFF"
"133-028","133",0.183731917120545,0.0884985015055765,0.166064603281298,0.561704978092581,122.834694913062,0.473536169117187,6.24586732317827,357.861837016788,87.861837016788,"#D14C97FF"
"133-029","133",0.204725187131364,0.147585337001016,0.191786250123801,0.455903225743819,155.072336887094,0.308589268461664,6.24124369550648,357.596922665154,87.5969226651542,"#DF7EB4FF"
"133-030","133",0.224769880191259,0.133988238269288,0.134913817842743,0.50632806369671,124.015192108135,0.383028794661842,6.04638493839775,346.43233828166,76.4323382816596,"#B565A7FF"
"133-031","133",0.216225798076988,0.129481164579108,0.14652596807468,0.507767069269224,130.316994242344,0.384653470008488,6.10097715167605,349.560241696784,79.560241696784,"#C166A9FF"
"133-032","133",0.2211397102553,0.133452785268323,0.156862793304235,0.488544711172143,132.678745131169,0.360862574804895,6.10410952808281,349.739713644737,79.7397136447375,"#C46CAAFF"
"133-033","133",0.202308617844641,0.129234038028771,0.162934647936336,0.505522696190252,133.234564616016,0.378343050375329,6.17892703802435,354.026441198066,84.0264411980657,"#CA6AA6FF"
"133-034","133",0.168092423654285,0.0889999868986301,0.159465956778956,0.583441632668129,116.496326088831,0.494516892534524,6.26574019140529,359.000468493016,89.0004684930159,"#CA4A90FF"
"133-035","133",0.215804593885716,0.155466503483146,0.203174163517013,0.425554739114124,167.713101460253,0.270383399633841,6.23645526237581,357.322565656286,87.3225656562863,"#E889BCFF"
"133-036","133",0.195003251925486,0.111712218435437,0.145314484183551,0.547970045455526,116.288568271488,0.439078427249622,6.16977631797378,353.502143559663,83.5021435596627,"#BC5999FF"
"133-037","133",0.194787379914798,0.106580256216995,0.177393905006029,0.521238458862177,132.600491358517,0.41502284032368,6.24126334781056,357.598048659236,87.5980486592356,"#D65EA1FF"
"133-038","133",0.208243523205997,0.132782137877524,0.191867736054445,0.467106602862034,150.416596579976,0.334725281823785,6.23424270388721,357.195795392964,87.1957953929639,"#E074B1FF"
"133-039","133",0.208484287834098,0.110793373472352,0.140108874829679,0.54061346386387,113.659276091056,0.435224662912958,6.1254280421148,350.961174524261,80.9611745242609,"#B6579AFF"
"133-040","133",0.174893625798737,0.117080851452712,0.188925192700208,0.519100330048343,132.061678422763,0.402264273879763,0.0348885416340317,1.99896618899647,91.9989661889965,"#D9669BFF"
"135-001","135",0.22062426099673,0.161479886350196,0.159188810693032,0.458707041960042,136.335192543149,0.303509961263116,6.07936034451911,348.321689880143,78.3216898801433,"#BD7DB0FF"
"135-002","135",0.238471127998688,0.158718456724282,0.134548869085201,0.468261546191829,120.185323036433,0.326522219971009,5.95928117131381,341.441660048059,71.4416600480589,"#A671A9FF"
"135-003","135",0.260958113237558,0.179696128500526,0.137395027069904,0.421950731192012,131.936103078528,0.271946922741341,5.81152637207534,332.975933648892,62.975933648892,"#A580BAFF"
"135-004","135",0.214957075092202,0.142063036017845,0.136012512956412,0.506967375933541,119.573047394671,0.373346248380938,6.07012567566291,347.792582329482,77.7925823294822,"#AF69A6FF"
"135-005","135",0.262049561229884,0.187981247953186,0.167287074302746,0.382682116514184,152.495842879732,0.216537195758656,5.83022766098304,334.047438574758,64.047438574758,"#BE91C2FF"
"135-006","135",0.244759795224622,0.174759280568187,0.148545506734348,0.431935417472843,134.599702776527,0.274584694953837,5.92518789447559,339.488259175458,69.488259175458,"#B180B6FF"
"135-007","135",0.249636234756998,0.184342514966017,0.150208173213985,0.415813077063,136.976677579522,0.25192173494896,5.87746752161213,336.754083213591,66.7540832135909,"#AD87B8FF"
"135-008","135",0.233520627370289,0.152177129154656,0.138980841093674,0.475321402381381,120.248647265653,0.336689757059013,5.9985661109356,343.692521286814,73.692521286814,"#AB6FAAFF"
"135-009","135",0.267653678229558,0.179994489192476,0.147143272207844,0.405208560370122,143.539339259177,0.25542931667279,5.79185923050026,331.849089441554,61.8490894415538,"#B186C1FF"
"135-010","135",0.233898902507651,0.159143602160712,0.135819636090398,0.471137859241239,121.404040435389,0.327047334421451,5.97860462485375,342.548812381514,72.5488123815144,"#A773ABFF"
"135-011","135",0.239587665691722,0.151999466500695,0.132372303184848,0.476040564622736,121.727871970685,0.341317692523576,5.9636537103412,341.692188080085,71.6921880800849,"#A86EADFF"
"135-012","135",0.25181438085295,0.157020951319907,0.149219989942983,0.44194467788416,137.431930738301,0.302831865901605,5.93756184148496,340.197234115013,70.1972341150133,"#B87AB8FF"
"135-013","135",0.221861038899257,0.127205831171226,0.149997106446664,0.500936023482853,124.269966025089,0.380576774689203,6.09321574812994,349.115546030494,79.1155460304938,"#BC65A5FF"
"135-014","135",0.271109283447983,0.155379918359242,0.143921436935735,0.429589361257039,135.86756482906,0.302270684775655,5.84888621425255,335.116494928921,65.1164949289209,"#B278B9FF"
"135-015","135",0.237926522977166,0.136541121626033,0.130484932647026,0.495047422749775,117.62310748995,0.37425988734848,5.99201079849008,343.316929550296,73.3169295502958,"#AA66A7FF"
"135-016","135",0.233310690379235,0.140842476311432,0.150107483229812,0.475739350079521,131.602735888785,0.345077802444012,6.03967140178321,346.04768096804,76.0476809680396,"#BD6EADFF"
"135-017","135",0.24814965579934,0.182527523211158,0.158426143396992,0.410896677592511,152.844901443888,0.24536254675616,5.90882491415362,338.550729462753,68.5507294627534,"#BE8CC1FF"
"135-018","135",0.226815891407077,0.182526848310284,0.153244044179624,0.437413216103014,136.320311372548,0.265292060173369,6.0021776010007,343.899444425297,73.8994444252972,"#B484B3FF"
"135-019","135",0.236434915744081,0.184360402808704,0.157922886484052,0.421281794963163,143.753541301074,0.249591435748374,5.96318990888903,341.665614214343,71.6656142143433,"#B98AB8FF"
"135-020","135",0.236886192438978,0.1787857641834,0.162595246711179,0.421732796666444,146.614914736077,0.254051973441357,5.98642443738421,342.996854636093,72.9968546360934,"#BE89BAFF"
"135-021","135",0.248208183279641,0.161506445380149,0.141476625498141,0.448808745842068,130.537373749732,0.306486928395285,5.92749046884617,339.620186968907,69.6201869689071,"#B078B2FF"
"135-022","135",0.262219932228324,0.181307500540731,0.140078582309262,0.416393984921684,130.051116639363,0.264922940680204,5.80401304117364,332.545451498139,62.5454514981395,"#A381B9FF"
"135-023","135",0.257783932890654,0.170339351854227,0.153219364172135,0.418657351082984,147.64646285498,0.269435665367936,5.88462994947874,337.164460101415,67.1644601014146,"#BB84BFFF"
"135-024","135",0.240771440864198,0.147494610395695,0.135629468688338,0.47610448005177,125.881499994674,0.345020696116062,5.97351876269546,342.25741394466,72.2574139446595,"#B06DAEFF"
"135-025","135",0.24815512029505,0.183907376505528,0.152353157844511,0.415584345354911,145.374913140781,0.250703478046501,5.89108240933428,337.534158818615,67.5341588186149,"#B689BDFF"
"135-026","135",0.255865027030646,0.190545530401346,0.160707251751867,0.392882190816141,156.7358993413,0.223595899657885,5.84358340683624,334.812666444396,64.8126664443955,"#BD93C2FF"
"135-027","135",0.205165646444156,0.121123781720021,0.182092142737774,0.49161842909805,140.432018046782,0.371212432858947,6.22098807183392,356.436360917311,86.4363609173113,"#D96AA9FF"
"135-028","135",0.223740067029317,0.129597265905879,0.186691261098684,0.45997140596612,152.895914948908,0.332445012658378,6.17150991702552,353.601471468695,83.6014714686953,"#DF72B7FF"
"135-029","135",0.15033558471086,0.0751690407246896,0.11805802764941,0.656437346915041,92.0718620421658,0.582163795225412,6.22771274536469,356.821656329228,86.8216563292277,"#A93A7AFF"
"135-030","135",0.221882495797559,0.129302399406197,0.134830637972174,0.51398446682407,118.642189186531,0.394408822091672,6.06063804032623,347.248980867131,77.2489808671313,"#B262A4FF"
"135-031","135",0.213365799595997,0.115827206494755,0.140449073141065,0.530357920768184,116.50775067013,0.420894953727106,6.10906470716211,350.023624492713,80.0236244927133,"#B75A9FFF"
"135-032","135",0.209162228843143,0.125570955317993,0.189011993382993,0.47625482245587,137.028760919848,0.351262304638393,6.22578858907445,356.711410294674,86.7114102946738,"#D76CA8FF"
"135-033","135",0.157384401567638,0.0746854686622901,0.154475755161742,0.613454374608329,108.324975550668,0.538776757329236,6.2777866694409,359.690680842453,89.6906808424534,"#C63E85FF"
"135-034","135",0.20231710867228,0.116463405845162,0.184769037128664,0.496450448353894,138.971076091385,0.380392017909725,6.23703738411445,357.355918775073,87.3559187750731,"#DA66A7FF"
"135-035","135",0.189147913729779,0.106768833510049,0.173851080358956,0.530232172401216,125.794431694357,0.423739533789367,6.24707784840547,357.931195003301,87.9311950033007,"#CF5E9AFF"
"135-036","135",0.22959680350096,0.136533154442697,0.187238151302014,0.446631890754329,157.402743938732,0.312978404491719,6.14742819580054,352.221690479093,82.2216904790934,"#E078BAFF"
"135-037","135",0.154984385233489,0.0829202051650514,0.149737789469514,0.612357620131945,107.471513738296,0.529463410571437,6.27327587524014,359.432231372498,89.4322313724977,"#C14585FF"
"135-038","135",0.202793602958886,0.0999337017695767,0.164252131581982,0.533020563689555,126.480582898597,0.434798430291085,6.19442665299634,354.914503720039,84.9145037200387,"#CE569EFF"
"135-039","135",0.2046103345871,0.104551137446919,0.176655971734481,0.514182556231501,130.263520172589,0.410584151737455,6.21504822761335,356.096032912508,86.0960329125077,"#D45BA2FF"
"135-040","135",0.165101369213422,0.091772064897765,0.165928228268768,0.577198337620045,114.167443973763,0.48542697694395,0.00170336527314413,0.0975956411203072,90.0975956411203,"#CA4E8CFF"
