site	BWS_129-001	BWS_129-005	BWS_129-006	BWS_129-014	BWS_129-017	BWS_129-019	BWS_129-053	BWS_129-057	BWS_129-064	BWS_129-069	BWS_129-071	BWS_129-073	BWS_129-075	BWS_129-077	BWS_129-081	BWS_129-082	BWS_129-083	BWS_129-085	BWS_129-086	BWS_129-087	BWS_129-088	BWS_129-089	BWS_129-090	BWS_129-091	BWS_129-093	BWS_129-094	BWS_129-096	BWS_129-098	BWS_129-099	BWS_129-100	BWS_129-101	BWS_129-102	BWS_129-103	BWS_129-104	BWS_129-105	BWS_129-106	BWS_129-107	BWS_129-108	BWS_129-109	BWS_129-110	BWS_129-111	BWS_129-112	BWS_129-113	BWS_129-114	BWS_129-115	BWS_129-116	BWS_129-117	BWS_129-118	BWS_129-119	BWS_129-120	BWS_129-121	BWS_129-122	BWS_129-123	BWS_129-124	BWS_129-125	BWS_129-128	BWS_129-129	BWS_129-130	BWS_129-132	BWS_129-138	BWS_129-140	BWS_129-142	BWS_129-145	BWS_131-001	BWS_131-006	BWS_131-008	BWS_131-013	BWS_131-024	BWS_131-031	BWS_131-033	BWS_131-041	BWS_131-043	BWS_131-044	BWS_132-001	BWS_132-002	BWS_132-003	BWS_132-004	BWS_132-005	BWS_132-007	BWS_132-009	BWS_132-010	BWS_132-011	BWS_132-012	BWS_132-014	BWS_132-015	BWS_132-016	BWS_132-017	BWS_132-018	BWS_132-019	BWS_132-020	BWS_132-021	BWS_132-022	BWS_132-023	BWS_132-024	BWS_132-025	BWS_132-026	BWS_132-027	BWS_132-028	BWS_132-029	BWS_132-030	BWS_132-031	BWS_132-032	BWS_132-033	BWS_132-034	BWS_132-035	BWS_132-037	BWS_132-038	BWS_132-039	BWS_132-040	BWS_132-041	BWS_132-042	BWS_132-043	BWS_132-044	BWS_132-045	BWS_132-046	BWS_132-047	BWS_132-048	BWS_132-049	BWS_132-050	BWS_132-051	BWS_132-052	BWS_132-053	BWS_132-054	BWS_132-055	BWS_132-056	BWS_132-057	BWS_132-058	BWS_132-059	BWS_132-060	BWS_132-061	BWS_132-062	BWS_132-063	BWS_132-064	BWS_132-065	BWS_132-066	BWS_132-067	BWS_132-068	BWS_132-069	BWS_132-070	BWS_132-071	BWS_132-072	BWS_132-073	BWS_132-074	BWS_132-075	BWS_132-076	BWS_132-077	BWS_132-078	BWS_132-079	BWS_132-080	BWS_132-081	BWS_132-082	BWS_132-083	BWS_132-084	BWS_132-085	BWS_132-086	BWS_132-087	BWS_132-088	BWS_132-089	BWS_132-090	BWS_132-091	BWS_132-092	BWS_132-093	BWS_132-094	BWS_132-095	BWS_132-096	BWS_132-097	BWS_132-098	BWS_132-099	BWS_132-100	BWS_132-102	BWS_132-103	BWS_132-104	BWS_132-105	BWS_132-106	BWS_132-107	BWS_132-108	BWS_132-109	BWS_132-110	BWS_132-111	BWS_132-112	BWS_132-113	BWS_132-114	BWS_132-115	BWS_132-116	BWS_132-117	BWS_132-118	BWS_132-119	BWS_132-120	BWS_132-121	BWS_132-122	BWS_132-123	BWS_132-124	BWS_132-125	BWS_132-126	BWS_132-127	BWS_132-128	BWS_132-129	BWS_132-130	BWS_132-131	BWS_132-132	BWS_132-133	BWS_132-134	BWS_132-135	BWS_132-136	BWS_132-137	BWS_132-138	BWS_132-139	BWS_132-140	BWS_132-141	BWS_132-142	BWS_132-143	BWS_132-144	BWS_132-145	BWS_132-146	BWS_132-147	BWS_133-001	BWS_133-002	BWS_133-003	BWS_133-004	BWS_133-005	BWS_133-006	BWS_133-007	BWS_133-008	BWS_133-009	BWS_133-010	BWS_133-011	BWS_133-012	BWS_133-014	BWS_133-015	BWS_133-016	BWS_133-017	BWS_133-018	BWS_133-019	BWS_133-020	BWS_133-021	BWS_133-022	BWS_133-023	BWS_133-024	BWS_133-025	BWS_133-026	BWS_133-027	BWS_133-028	BWS_133-029	BWS_133-030	BWS_133-031	BWS_133-032	BWS_133-033	BWS_133-034	BWS_133-035	BWS_133-036	BWS_133-037	BWS_133-038	BWS_133-039	BWS_133-040	BWS_135-001	BWS_135-004	BWS_135-008	BWS_135-012	BWS_135-013	BWS_135-016	BWS_135-017	BWS_135-018	BWS_135-019	BWS_135-020	BWS_135-021	BWS_135-023	BWS_135-024	BWS_135-025	BWS_135-026	BWS_135-027	BWS_135-028	BWS_135-029	BWS_135-030	BWS_135-031	BWS_135-032	BWS_135-033	BWS_135-034	BWS_135-035	BWS_135-036	BWS_135-037	BWS_135-038	BWS_135-039	BWS_135-040
scaffold_1086_37310824	1|1	1|1	1|0	1|1	1|0	1|0	1|1	1|1	1|1	1|1	1|1	1|1	1|1	1|1	0|1	1|1	1|0	1|1	1|1	1|1	1|1	1|1	0|1	1|1	1|1	0|1	0|0	1|1	1|1	1|1	1|1	1|1	1|1	1|1	1|1	1|1	1|0	0|0	1|0	0|0	0|0	1|0	1|0	1|1	1|1	1|1	0|1	1|0	0|1	1|1	0|0	1|1	0|0	0|1	0|0	0|1	0|1	0|0	1|0	1|1	0|0	1|1	0|0	1|1	1|1	1|1	1|1	1|1	1|1	1|1	1|0	1|0	1|1	1|1	1|1	1|1	0|1	1|1	1|0	1|1	0|1	0|0	1|0	1|0	1|0	0|1	0|1	0|0	0|0	0|0	1|0	0|0	1|0	0|0	1|0	0|0	1|1	0|0	0|0	1|0	0|1	1|1	0|0	1|1	0|0	0|1	1|0	1|0	0|1	1|1	0|1	0|1	1|1	1|1	1|1	0|1	1|1	1|1	1|1	0|1	1|1	0|1	0|1	1|1	1|1	0|0	0|0	1|1	0|1	1|1	0|0	0|1	1|0	1|1	0|1	1|0	0|1	1|0	1|1	1|1	0|0	0|1	1|1	0|0	1|1	1|0	1|1	1|0	0|1	1|1	1|1	1|1	1|0	1|1	1|0	0|0	1|1	1|1	1|1	0|0	0|1	1|1	1|0	1|1	0|0	0|1	0|0	0|1	1|1	1|0	0|0	0|0	0|1	0|0	1|0	0|0	0|1	0|0	1|0	1|0	0|1	1|1	0|1	0|1	1|0	0|0	1|1	1|0	1|0	0|0	1|1	1|1	1|1	0|0	1|0	1|1	1|1	1|1	1|1	1|0	1|0	0|1	1|1	1|1	0|1	0|1	1|1	1|1	0|1	1|1	1|1	1|1	1|1	0|1	1|0	1|1	0|1	1|0	0|1	1|1	0|1	1|1	1|0	1|1	1|1	1|0	1|0	1|1	0|0	0|1	1|0	0|1	0|1	1|0	1|0	1|1	1|0	0|1	1|1	1|0	1|1	1|1	1|1	0|1	1|0	1|1	1|0	1|0	1|1	1|0	1|1	1|1	1|0	1|1	0|0	0|0	0|0	0|0	0|0	0|0	0|0	1|1	0|0	0|0	0|0	0|0	0|0	0|0	0|0	1|1	1|1	1|0	1|0	0|0	1|1	1|1	1|1	1|1	1|1	1|1	1|1	1|1	1|1
scaffold_1086_37311543	1|1	1|1	1|0	1|1	1|0	1|0	1|1	0|1	1|1	1|1	1|1	1|1	1|1	1|1	0|1	1|1	1|0	1|1	1|1	1|1	1|1	1|1	0|1	1|1	1|1	0|0	0|1	1|1	1|1	1|0	1|1	1|1	1|1	1|1	1|1	1|0	1|0	0|0	1|0	0|1	0|0	1|0	1|0	1|1	1|1	1|1	0|1	1|0	0|1	1|1	0|0	0|1	0|0	0|1	0|0	0|1	0|1	1|0	1|0	1|1	0|1	1|0	0|0	1|1	1|1	1|1	1|1	1|1	1|1	1|1	1|0	1|0	1|1	1|1	1|1	1|1	0|1	1|1	1|0	1|1	0|1	0|0	1|0	1|0	1|0	0|1	0|1	0|0	0|0	0|0	1|0	0|0	1|0	0|0	1|0	0|0	0|1	0|0	0|0	1|0	1|1	1|1	0|0	1|1	0|0	0|1	1|0	1|0	0|1	1|1	0|1	0|1	1|1	1|1	1|1	0|1	1|1	1|1	1|1	0|1	1|1	0|1	0|1	1|1	1|1	0|1	1|0	1|1	0|1	1|0	1|0	0|1	1|0	1|1	0|1	1|1	0|1	1|0	1|1	1|1	0|0	0|1	1|1	0|0	1|1	1|0	1|1	1|0	0|1	1|0	1|1	1|1	1|0	1|1	1|0	0|0	1|1	1|1	1|1	0|0	0|1	1|1	1|0	1|1	0|0	0|1	0|0	0|1	1|1	1|0	0|0	0|0	0|1	0|0	1|0	1|0	0|1	0|0	1|0	1|0	0|1	1|1	0|1	0|1	1|0	0|0	1|1	1|0	1|0	0|1	1|1	1|1	1|1	0|1	1|0	1|1	1|1	1|1	1|1	1|0	1|0	0|1	0|1	1|1	0|1	0|1	1|1	1|0	0|1	1|1	1|1	1|1	1|1	0|1	1|0	1|1	0|1	1|0	0|1	1|1	0|1	1|1	1|0	1|1	1|1	1|0	1|0	1|1	1|0	0|1	1|0	0|1	0|1	1|0	1|0	1|1	1|0	0|1	1|1	0|0	1|1	1|1	1|1	0|1	1|0	1|1	1|0	1|0	1|1	1|0	1|1	1|1	1|0	1|1	0|0	0|0	0|0	0|0	0|1	0|0	0|0	0|1	0|0	0|0	0|0	0|0	0|0	0|0	0|0	1|1	1|1	1|0	1|0	0|1	1|1	1|1	1|1	1|1	1|1	1|1	1|1	1|1	1|1
scaffold_1086_37311801	1|1	1|1	1|0	1|1	1|0	0|0	1|1	1|1	1|1	1|1	1|1	1|1	1|1	1|1	1|1	1|1	1|0	1|1	1|1	1|1	1|1	1|1	0|1	1|1	1|1	0|1	0|1	1|1	1|1	1|0	1|1	1|1	1|1	1|1	1|1	1|0	0|0	0|0	1|0	0|1	0|0	1|0	1|0	1|1	1|1	1|1	0|1	1|0	0|1	1|1	0|0	0|1	0|0	0|0	0|0	0|1	1|1	1|1	1|0	1|1	0|1	1|0	0|0	1|1	1|1	1|1	1|1	1|1	1|1	1|1	1|0	1|0	1|1	1|1	1|1	1|1	0|1	1|1	1|0	1|1	0|1	0|0	1|0	1|0	1|0	0|1	0|1	0|0	0|0	0|0	1|0	0|0	1|0	0|0	1|0	0|0	0|1	0|0	0|0	1|0	0|1	1|1	0|0	1|1	0|0	0|1	1|0	1|0	0|1	1|1	0|1	0|1	1|1	1|1	1|1	0|1	1|1	1|1	1|1	0|0	1|1	0|1	0|1	1|1	1|1	0|1	1|0	1|1	0|1	1|0	1|0	0|1	1|0	1|1	0|1	0|0	0|1	1|0	1|1	1|1	1|0	0|1	1|1	0|0	1|1	1|0	1|1	1|0	0|0	1|0	1|1	1|1	1|0	1|1	1|0	0|0	1|1	1|1	1|1	0|0	0|1	1|1	1|0	1|1	0|0	0|1	0|0	0|1	1|1	1|0	0|0	0|0	0|1	0|0	1|1	1|0	0|1	0|0	1|0	1|0	0|1	1|1	0|1	0|1	1|0	0|0	1|1	1|0	1|0	0|1	1|1	1|1	1|1	0|1	1|0	1|1	1|1	1|1	1|1	1|0	1|0	0|0	0|1	1|1	0|1	0|1	1|1	1|0	0|1	1|1	1|1	1|1	1|1	0|1	0|0	1|1	0|1	1|0	0|0	1|1	0|1	1|1	1|0	1|1	1|1	1|0	1|0	1|1	0|0	0|1	1|0	0|1	0|1	1|0	1|0	1|1	1|0	0|1	1|1	1|0	1|1	1|1	1|1	0|1	1|0	1|1	1|0	1|0	1|1	1|0	1|1	1|1	1|0	1|1	0|0	0|0	0|0	0|0	0|1	0|0	0|0	0|0	0|0	0|0	0|0	0|0	0|0	0|0	0|0	1|1	1|1	1|0	1|0	0|1	1|1	1|1	1|1	1|1	1|1	1|1	1|1	1|1	1|1
scaffold_1086_37311810	1|1	1|1	1|0	1|1	1|0	0|0	1|1	1|1	1|1	1|1	1|1	1|1	1|1	1|1	1|1	1|1	1|0	1|1	1|1	1|1	1|1	1|1	0|1	1|1	1|1	0|1	0|1	1|1	1|1	1|0	1|1	1|1	1|1	1|1	1|1	1|0	1|0	0|0	1|0	0|1	0|0	1|0	1|0	1|1	1|1	1|1	0|1	1|0	0|1	1|1	0|0	0|1	0|0	0|1	0|0	0|1	1|1	1|1	1|0	1|1	0|1	1|0	0|0	1|1	1|1	1|1	1|1	1|1	1|1	1|1	1|0	1|0	1|1	1|1	1|1	1|1	0|1	1|1	1|0	1|1	0|1	0|0	1|0	1|0	1|0	0|1	0|1	0|0	0|0	0|0	1|1	0|0	1|0	0|0	1|0	0|0	0|1	0|0	0|0	1|0	0|1	1|1	0|0	1|1	0|0	0|1	1|0	1|0	0|1	1|1	0|1	0|1	1|1	1|1	1|1	0|1	1|1	1|1	1|1	0|0	1|1	1|1	0|1	1|1	1|1	0|1	1|0	1|1	0|1	1|0	1|0	0|1	1|1	1|1	0|1	0|0	0|1	1|0	1|1	1|1	1|0	0|1	1|1	0|0	1|1	1|0	1|1	1|0	0|0	1|0	1|1	1|1	1|0	1|1	1|0	0|0	1|1	1|1	1|1	0|0	0|1	1|1	1|0	1|1	0|0	0|1	0|0	0|1	1|1	1|0	0|0	0|0	0|1	0|0	1|1	1|0	0|1	0|0	1|0	1|0	0|1	1|1	0|1	0|1	1|0	0|0	1|1	1|0	1|0	0|1	1|1	1|1	1|1	0|1	1|0	1|1	1|1	1|1	1|1	1|0	1|0	0|0	0|1	1|1	0|1	0|1	1|1	1|0	0|1	1|1	1|1	1|1	1|1	0|1	0|0	1|1	0|1	1|0	0|0	1|1	0|1	1|1	1|0	1|1	1|1	1|0	1|0	1|1	0|0	0|1	1|0	0|1	0|1	1|0	1|0	1|1	1|0	0|1	1|1	1|0	1|1	1|1	1|1	0|1	1|0	1|1	1|0	1|0	1|1	1|0	1|1	1|1	1|0	1|1	0|0	0|0	0|0	0|0	0|1	0|0	0|0	0|0	0|0	0|0	0|0	0|0	0|0	0|0	0|0	1|1	1|1	1|0	1|0	0|1	1|1	1|1	1|1	1|1	1|1	1|1	1|1	1|1	1|1
scaffold_1086_37311961	1|1	1|1	1|0	1|1	0|0	1|0	1|1	1|1	1|1	1|1	1|1	1|1	1|1	1|1	0|1	1|1	1|0	1|1	1|1	1|1	1|1	1|1	0|1	1|1	1|1	0|1	0|0	1|1	1|1	1|0	1|1	1|1	1|1	1|1	1|1	1|0	1|0	1|0	1|0	0|1	0|0	1|0	1|0	1|1	1|1	1|1	0|1	1|0	0|1	1|1	0|0	0|1	0|0	0|1	0|0	0|1	0|1	1|0	1|0	1|1	0|1	1|0	0|0	1|1	1|1	1|1	1|1	1|1	1|1	1|1	1|0	1|0	1|1	1|1	1|1	1|1	0|1	1|1	1|0	1|1	0|1	0|0	1|0	1|0	1|0	0|1	0|1	0|0	0|0	0|0	1|0	0|0	1|0	0|0	1|0	0|0	0|1	0|0	0|0	1|0	0|1	1|1	0|0	1|1	0|0	0|1	1|0	1|0	0|1	1|1	0|1	0|1	1|1	1|1	1|1	0|1	1|1	1|1	1|1	0|0	1|1	0|1	0|0	1|1	1|1	0|1	1|0	1|1	0|1	1|1	1|0	0|1	1|0	1|1	0|1	1|0	0|1	1|0	1|1	1|1	1|0	0|1	1|1	0|0	1|1	1|0	1|1	1|0	0|1	1|0	1|1	1|1	1|0	1|1	1|0	0|0	1|1	1|1	1|1	0|0	0|1	1|1	1|0	1|1	0|0	0|1	0|0	0|1	1|1	1|0	0|0	0|0	0|1	0|0	1|1	1|0	0|1	0|0	1|0	1|0	0|1	1|1	0|1	0|1	1|0	0|0	1|1	1|0	1|0	0|1	1|1	1|1	1|1	0|1	1|0	1|1	1|1	1|1	1|1	1|0	1|0	0|0	0|1	1|1	1|1	0|0	1|1	1|0	0|1	1|1	1|1	1|1	1|1	0|1	1|0	1|1	0|1	1|0	0|1	1|1	0|1	1|1	1|0	1|1	1|1	1|0	0|0	1|1	0|0	0|1	1|0	0|1	0|0	1|0	1|0	1|1	1|0	0|1	1|1	1|0	1|1	1|1	1|1	0|1	1|0	1|1	1|0	1|1	1|1	1|0	1|1	1|1	1|0	1|1	0|0	0|0	0|0	0|0	0|1	0|0	0|0	0|1	0|0	0|0	0|0	0|0	0|0	0|0	0|0	1|1	1|1	1|0	1|0	1|1	1|1	1|1	1|1	1|1	1|1	1|1	1|1	1|1	1|1
scaffold_1086_37313127	1|1	1|1	1|0	1|1	0|1	1|0	1|1	1|1	1|1	1|1	1|1	1|1	1|1	1|1	0|1	1|1	1|0	1|1	1|1	1|1	1|1	1|1	1|1	1|1	1|1	0|1	0|1	1|1	1|1	1|0	1|1	1|1	1|1	1|1	1|1	1|0	1|0	0|0	1|0	1|0	0|0	1|0	0|1	1|1	1|1	1|1	0|1	1|0	1|0	1|1	0|0	0|1	0|0	0|1	0|0	1|1	0|0	1|0	1|0	1|1	0|1	1|0	0|0	1|1	1|1	1|1	1|1	1|1	1|1	1|1	1|0	1|0	1|1	1|1	1|1	1|1	0|1	1|1	1|0	1|1	0|1	0|0	0|1	1|0	1|0	0|1	0|1	0|0	0|0	0|0	1|0	0|0	1|0	0|0	1|0	0|0	0|1	0|0	0|0	1|0	0|1	1|1	0|0	1|1	0|0	0|1	1|0	1|0	0|1	1|1	1|0	0|1	1|1	1|1	1|1	1|0	1|1	1|1	1|1	1|0	1|1	0|1	0|1	1|1	1|1	0|1	1|0	1|1	0|1	1|0	1|0	0|1	1|0	1|1	0|1	1|0	0|1	1|0	1|1	1|1	0|1	0|1	1|1	0|0	1|1	1|0	1|1	1|0	0|1	1|0	1|1	1|1	0|1	1|1	1|0	0|0	1|1	1|1	1|1	0|0	1|1	1|1	1|0	1|1	0|0	0|1	0|0	0|1	1|1	1|0	0|0	0|0	0|1	0|0	1|0	1|0	0|1	0|0	0|1	1|0	0|1	1|1	0|1	0|0	0|1	0|0	1|1	1|0	1|0	0|1	1|1	1|1	1|1	0|1	1|0	1|1	1|1	1|1	1|1	1|0	1|0	0|1	0|1	1|1	0|1	0|1	1|1	1|0	0|1	1|1	1|1	1|1	1|1	1|0	1|1	1|1	0|0	1|0	0|1	1|1	0|0	1|1	0|0	1|1	1|1	0|1	1|1	1|1	0|1	0|1	1|1	0|1	0|1	1|0	1|0	1|1	1|0	0|1	1|1	1|0	1|1	1|1	1|1	1|1	1|0	1|1	1|0	0|1	1|1	1|0	1|1	1|1	1|1	1|1	0|0	0|0	0|0	0|0	0|0	0|0	0|0	0|1	0|0	0|0	0|0	0|0	0|0	0|0	0|0	1|1	1|1	1|0	1|0	1|0	1|1	1|1	1|1	1|1	1|1	1|1	1|1	1|1	1|1
scaffold_1086_37313131	1|1	1|1	1|0	1|1	0|1	1|0	1|1	1|1	1|1	1|1	1|1	1|1	1|1	1|1	0|1	1|1	1|0	1|1	1|1	1|1	1|1	1|1	1|1	1|1	1|1	0|1	0|1	1|1	1|1	1|0	1|1	1|1	1|1	1|1	1|1	1|0	1|0	0|0	1|0	1|0	0|0	1|0	0|1	1|1	1|1	1|1	0|1	1|0	1|0	1|1	0|0	0|1	0|0	0|1	0|0	1|1	0|0	1|0	1|0	1|1	0|1	1|0	0|0	1|1	1|1	1|1	1|1	1|1	1|1	1|1	1|0	1|0	1|1	1|1	1|1	1|1	0|1	1|1	1|0	1|1	0|1	0|0	0|1	1|0	1|0	0|1	0|1	0|0	0|0	0|0	1|0	0|0	1|0	0|0	1|0	0|0	0|1	0|0	0|0	1|0	0|1	1|1	0|0	1|1	0|0	0|1	1|0	1|0	0|1	1|1	1|0	0|1	1|1	1|1	1|1	1|0	1|1	1|1	1|1	1|0	1|1	0|1	0|1	1|1	1|1	0|1	1|0	1|1	0|1	1|0	1|0	0|1	1|0	1|1	0|1	1|0	0|1	1|0	1|1	1|1	0|1	0|1	1|1	0|0	1|1	1|0	1|1	1|0	0|1	1|0	1|1	1|1	0|1	1|1	1|0	0|0	1|1	1|1	1|1	0|0	1|1	1|1	1|0	1|1	0|0	0|1	0|0	0|1	1|1	1|0	0|0	0|0	0|1	0|0	1|0	1|0	0|1	0|0	0|1	1|0	0|1	1|1	0|1	0|0	0|1	0|0	1|1	1|0	1|0	0|1	1|1	1|1	1|1	0|1	1|0	1|1	1|1	1|1	1|1	1|0	1|0	0|1	0|1	1|1	0|1	0|1	1|1	1|0	0|1	1|1	1|1	1|1	1|1	1|0	1|1	1|1	0|0	1|0	0|1	1|1	0|0	1|1	1|0	1|1	1|1	0|1	1|1	1|1	0|1	0|1	1|1	0|1	0|1	1|0	1|0	1|1	1|0	0|1	1|1	1|0	1|1	1|1	1|1	1|1	1|0	1|1	1|0	0|1	1|1	1|0	1|1	1|1	1|1	1|1	0|0	0|0	0|0	0|0	0|0	0|0	0|0	0|1	0|0	0|0	0|0	0|0	0|0	0|0	0|0	1|1	1|1	1|0	1|0	1|0	1|1	1|1	1|1	1|1	1|1	1|1	1|1	1|1	1|1
scaffold_1086_37313316	1|1	1|1	1|0	1|1	0|1	1|0	1|1	1|1	1|1	1|1	1|1	1|1	1|1	1|1	0|1	1|1	1|0	1|1	1|1	1|1	1|1	0|1	0|1	1|1	1|1	0|1	0|1	1|1	1|1	1|0	1|1	1|1	1|1	1|1	1|1	1|0	1|0	0|0	1|0	1|0	0|0	1|0	0|1	1|1	1|1	1|1	0|1	1|0	1|0	1|1	0|0	0|1	0|0	0|1	0|0	1|0	0|1	1|0	1|0	1|1	0|1	1|0	0|0	1|0	1|1	1|1	1|1	1|1	1|1	1|1	1|0	1|0	1|1	1|1	1|1	1|1	0|1	1|1	1|0	1|1	0|1	0|0	0|1	1|0	1|0	0|1	0|1	0|0	0|0	0|0	1|0	0|0	1|0	0|0	1|0	0|0	0|1	0|0	0|0	1|0	0|1	1|1	0|0	1|1	0|0	0|1	1|0	1|0	0|1	1|1	1|0	1|1	0|1	1|1	1|1	1|0	1|1	1|1	1|1	0|0	1|1	1|1	0|1	1|1	1|1	0|1	1|0	1|1	0|1	1|0	1|0	0|1	1|0	1|1	0|1	1|0	0|0	0|0	1|1	1|1	0|1	0|1	1|1	0|0	1|1	1|0	1|1	1|0	0|1	1|0	1|1	1|1	0|0	1|1	1|0	0|0	1|1	1|1	1|1	0|0	0|1	1|1	1|0	1|1	0|0	0|1	0|0	0|1	1|1	1|0	0|0	0|0	0|1	0|0	1|0	1|0	0|1	0|0	0|1	1|0	0|1	1|1	0|1	0|1	0|1	0|0	1|1	1|0	1|0	0|1	1|1	1|1	0|1	0|1	1|0	1|1	1|1	1|1	1|1	1|0	1|0	0|1	1|1	1|1	0|1	0|0	1|1	1|0	0|1	1|1	1|1	1|1	1|1	1|1	0|1	1|1	0|1	1|0	0|1	1|1	1|1	1|1	1|0	1|1	1|1	0|1	1|1	1|1	0|1	0|1	1|1	0|1	0|1	1|0	1|0	1|1	1|0	0|1	1|1	1|0	1|1	1|1	1|1	0|0	1|0	1|1	1|0	0|1	1|1	1|0	1|1	1|1	1|0	1|1	0|0	0|0	0|0	0|0	0|1	0|0	0|0	0|1	0|0	0|0	0|0	0|0	0|0	0|0	0|0	1|1	1|1	1|0	1|0	1|0	1|1	1|1	1|1	0|1	1|1	1|1	1|1	1|1	1|1
scaffold_1086_37313853	1|1	1|1	1|0	1|1	0|1	1|0	1|1	1|1	1|1	1|1	1|1	1|1	1|1	1|1	0|1	1|1	1|0	1|1	1|1	1|1	1|1	1|1	0|1	1|1	1|1	0|1	0|1	1|1	1|1	1|0	1|1	1|1	1|1	1|1	1|1	1|0	1|0	0|0	1|0	1|0	0|0	1|0	0|1	1|1	1|1	1|1	0|1	1|0	1|0	1|1	0|0	0|1	0|0	0|1	0|0	1|0	0|1	1|0	1|0	1|1	1|1	0|0	0|0	1|1	1|1	1|1	1|1	1|1	1|1	1|1	1|0	1|0	1|1	1|1	1|1	1|1	0|1	1|1	1|0	1|1	0|1	0|0	0|1	1|0	1|0	0|1	0|1	0|0	0|0	0|0	1|0	0|0	1|0	0|0	1|0	0|0	1|1	0|0	0|0	1|0	0|1	1|1	0|0	1|1	0|0	0|1	1|0	1|1	0|1	1|1	1|0	0|1	1|1	1|1	1|1	1|0	1|1	1|1	1|1	0|0	1|1	0|1	0|1	1|1	1|1	0|0	1|0	1|1	0|1	1|0	1|0	0|1	1|0	1|1	0|1	1|0	0|1	1|0	1|1	1|1	0|1	0|1	1|1	0|0	1|1	1|0	1|1	1|0	0|1	1|0	1|1	1|1	0|1	1|1	1|0	0|0	1|1	1|1	1|1	0|0	0|1	1|1	1|0	1|1	0|0	0|1	0|0	0|1	1|1	1|0	0|0	0|0	0|1	0|0	1|0	1|0	0|1	0|0	0|1	1|0	0|1	1|1	0|1	0|1	0|1	0|0	1|1	0|0	1|0	0|1	1|1	1|1	1|1	0|1	1|0	1|1	1|1	1|1	1|1	1|0	1|0	0|1	0|1	1|1	0|1	0|1	1|1	1|0	0|1	1|1	1|1	1|1	1|1	1|0	0|1	1|1	0|1	1|0	0|1	1|1	1|0	1|1	1|0	1|1	1|1	0|1	0|1	1|1	0|1	0|1	1|0	0|1	0|1	1|0	1|0	1|1	1|0	0|1	1|1	1|0	1|1	1|1	1|1	0|1	1|0	1|1	1|0	0|1	1|1	0|0	1|1	1|1	1|0	1|1	0|0	0|0	0|0	0|0	0|1	0|0	0|0	0|1	0|0	0|0	0|0	0|0	0|0	0|0	0|0	1|1	1|1	1|0	1|0	1|0	1|1	1|1	1|1	1|1	1|1	1|1	1|1	1|1	1|1
scaffold_1086_37313887	1|1	1|1	1|0	1|1	1|1	1|0	1|1	1|1	1|1	1|1	1|1	1|1	1|1	1|1	0|1	1|1	1|0	1|1	1|1	1|1	1|1	1|1	0|1	1|1	1|1	0|1	0|1	1|1	1|1	1|0	1|1	1|1	1|1	1|1	1|1	1|0	1|0	0|0	1|0	1|0	0|0	1|0	0|1	1|1	1|1	1|1	0|1	1|0	1|0	1|1	0|0	0|1	0|0	0|1	0|0	1|0	0|1	1|0	1|0	1|1	1|1	0|0	0|0	1|1	1|1	1|1	1|1	1|1	1|1	1|1	1|0	1|0	1|1	1|1	1|1	1|1	0|1	1|1	1|0	1|1	0|1	0|0	0|1	1|0	1|0	0|1	0|1	0|0	0|0	0|0	1|0	0|0	1|0	0|0	1|0	0|0	0|1	0|0	0|0	1|0	0|1	1|1	0|0	1|1	0|0	0|1	1|0	1|1	0|1	1|1	1|0	0|1	1|1	1|1	1|1	1|0	1|1	1|1	1|1	1|0	1|1	0|1	0|1	1|1	1|1	0|0	1|0	1|1	0|1	1|0	0|0	0|1	1|0	1|1	0|1	1|0	0|1	1|0	1|1	1|1	0|1	0|1	1|1	0|0	1|1	1|0	1|1	1|0	0|1	1|0	1|1	1|1	0|1	1|1	1|1	0|0	1|1	1|1	1|1	0|0	0|1	1|1	0|0	1|1	0|0	0|1	0|0	0|1	1|1	1|0	0|0	0|0	0|1	0|0	1|0	1|0	0|1	0|0	0|1	1|0	0|1	1|1	0|1	0|1	0|1	0|0	1|1	1|0	1|0	0|1	1|1	1|1	1|1	0|1	1|0	1|1	1|1	1|1	1|1	1|0	1|0	0|1	0|1	1|1	0|1	0|1	1|1	1|0	0|1	1|1	1|1	1|1	1|1	1|0	0|1	1|1	0|1	1|0	0|1	1|1	1|1	1|1	1|0	1|1	1|1	0|1	0|1	1|1	0|1	0|1	1|1	0|1	0|1	1|0	1|0	1|1	1|0	0|1	1|1	1|0	1|1	1|1	1|1	0|1	1|0	1|1	1|0	0|1	1|1	0|0	1|1	1|1	1|0	1|1	0|0	0|0	0|0	0|0	0|1	0|0	0|0	0|1	0|0	0|0	0|0	0|0	0|0	0|0	0|0	1|1	1|1	1|0	1|0	1|0	1|1	1|1	1|1	1|1	1|1	1|1	1|1	1|1	1|1
